2294,4,down,flat,up
"5038,6","5006,8",5007,"4922,2",2
"5088,4","5020,9","5014,5","4929,2",1
"5112,3","5039,2","5022,3",4936,1
"5122,5","5055,9",5032,"4941,8",1
5127,5075,"5039,6","4947,7",1
"5133,5","5099,5","5046,7","4953,1",1
"5139,8","5118,2","5054,6","4958,4",1
"5143,5","5129,5","5062,5","4964,1",2
"5171,7",5142,"5070,1","4970,2",1
"5194,8","5153,1","5077,8","4976,3",1
"5206,7","5166,1","5085,1","4983,7",0
"5190,6","5171,3","5089,2","4989,8",1
"5156,2","5172,5","5096,6","4996,7",2
"5165,1","5178,5","5102,8","5004,8",2
"5210,2","5191,6","5114,3","5013,3",1
"5230,5","5195,3","5125,9","5022,3",2
"5238,1","5203,9","5138,1","5032,4",0
"5230,5","5202,1","5148,8","5041,5",1
"5213,4","5210,5","5161,4","5050,1",1
"5221,7","5220,8","5172,1",5057,0
"5198,7","5220,1","5177,4","5061,4",1
"5182,6","5212,9","5181,5","5066,5",0
"5151,4","5197,5","5181,3","5069,7",1
"5098,9","5173,2","5179,2","5071,5",1
"5093,9","5158,4",5178,5075,1
"5099,3","5140,6","5175,7","5078,1",2
"5127,1","5131,4","5176,7","5082,6",2
"5182,5","5135,9","5179,6",5088,2
"5229,6","5144,8","5182,5","5095,2",0
"5236,9","5160,4","5183,9","5100,5",1
"5228,4","5181,8","5184,7",5107,1
"5243,8","5203,2","5189,2","5112,9",0
"5232,9",5220,"5192,4","5117,9",1
5201,"5224,3","5192,8",5123,2
"5214,8","5229,2","5192,8","5128,4",0
"5217,6","5220,9","5191,5","5132,2",2
"5213,8","5222,6","5190,4","5137,3",2
"5260,1","5229,9","5194,4","5143,2",1
"5284,4","5234,2","5197,5",5148,1
"5297,3","5248,3",5202,"5153,5",0
"5295,2","5261,2","5207,2","5157,5",1
"5270,6","5264,3","5210,8","5161,2",0
"5206,7",5258,"5212,7","5164,2",0
"5107,7","5233,9","5211,7","5164,3",1
"5073,3","5204,7","5210,6","5165,8",0
5001,5153,"5201,8","5164,4",1
"4914,5","5095,3","5189,4","5162,4",2
"4926,6","5047,6","5176,3","5161,4",0
4879,"4983,4","5154,3","5158,3",2
"4872,5","4952,2","5139,8","5156,8",0
"4900,8","4924,3","5121,5","5152,8",2
"4909,8","4905,5","5106,4","5149,6",2
"4997,3","4923,3",5098,"5148,2",1
"5030,2","4938,5","5089,3","5145,9",0
"4954,6","4931,3",5072,"5141,3",2
4912,"4947,9","5058,8","5137,1",1
"4938,7","4950,2","5044,5","5133,3",1
"4953,5",4963,"5028,1","5129,5",0
"4937,9","4958,2","5009,8","5123,9",0
4857,"4922,9","4984,1",5116,1
"4811,3","4895,7","4961,4","5108,1",0
"4754,6","4865,7","4932,5","5098,5",2
"4726,3","4842,6","4913,4","5090,9",0
"4745,7","4810,6","4896,3","5081,7",0
"4670,4","4761,7","4873,1","5069,3",1
"4616,5","4718,8","4857,8","5057,2",2
4670,"4708,3","4848,6","5046,6",1
"4709,7","4689,7","4836,1","5036,4",2
4712,"4696,1","4831,9","5026,5",2
"4749,7","4696,4","4823,9","5017,5",1
"4772,6","4703,8","4819,1","5009,5",1
4789,"4730,3","4811,8","5001,7",1
"4810,5","4759,2","4800,4","4995,8",1
"4809,6","4770,2","4789,7","4990,2",0
"4786,4","4781,1","4783,6","4983,5",1
"4772,6","4787,5","4775,8","4977,1",2
"4827,2","4803,3","4772,4","4971,5",2
"4923,2","4830,6","4772,8","4966,7",1
"4973,3","4855,9",4776,"4961,3",1
"4982,3","4879,7","4785,3","4956,5",0
"4952,6","4896,8","4790,1","4950,3",2
"4943,9","4924,7","4804,2","4944,5",1
"4960,1","4950,3","4813,5","4939,3",1
"4968,1","4964,9","4826,5","4935,2",0
"4948,4","4957,5","4841,3","4928,7",1
"4928,1",4952,"4857,6","4923,6",0
"4897,1","4933,2",4864,4916,0
"4816,7","4913,2","4868,3","4905,9",0
"4765,4","4882,2","4869,4","4895,3",1
"4742,3","4850,9","4867,6","4883,7",2
"4790,5","4831,5","4871,2","4875,1",1
"4855,8","4824,5","4874,2","4867,1",0
"4841,8","4806,9","4874,3","4860,5",2
"4866,7","4815,8",4880,"4857,5",1
4924,"4837,5","4888,1","4854,5",1
"4938,1","4865,1","4896,5",4855,2
"4972,1","4903,2","4902,5","4856,8",1
"5014,9","4929,2","4905,7","4858,5",1
5019,"4949,8","4907,1","4862,4",0
"4978,8","4968,3","4905,3","4862,7",2
"4987,2","4984,2","4910,6","4865,9",0
5005,"4991,5","4911,4","4866,6",2
"5012,3","5005,5","4915,8","4866,5",0
"4998,6","4999,1","4914,5","4865,3",1
"4962,1","4990,4","4917,2","4866,8",2
"4996,6","4992,7","4921,3","4868,7",0
"5000,9","4996,7","4927,5","4869,3",1
"4981,1","4990,9","4937,8","4869,8",2
"5016,2","4999,9","4952,6","4872,4",2
5081,"5010,5","4971,6","4878,7",1
"5126,2","5036,4","4986,2",4885,1
"5141,1","5061,6","5000,2","4894,2",1
"5140,3","5077,4",5016,"4901,5",0
"5120,2","5095,7","5025,5","4909,2",1
"5116,5","5116,1","5035,3","4919,4",0
"5105,5","5121,2","5042,3","4928,7",2
"5097,8","5120,9","5047,8","4936,5",1
5112,"5117,2",5052,"4944,8",2
"5129,8","5117,7","5058,9","4953,2",1
"5154,4","5121,2","5069,5",4961,1
"5171,6","5132,4","5077,4","4969,2",1
"5173,9","5137,6","5086,4","4976,4",1
"5174,2",5152,"5093,6","4983,7",1
"5193,3","5164,9","5105,9","4991,8",0
5188,"5173,7","5116,2","4999,8",0
"5144,2",5169,"5120,7","5006,6",0
"5087,8","5154,7","5124,8","5010,2",1
"5066,8","5139,1","5129,2","5012,4",1
"5065,9","5123,9","5129,8","5013,9",2
"5092,1","5115,7","5130,4","5016,8",1
5132,"5106,3","5130,4","5021,1",1
"5130,9","5099,3","5129,3","5024,2",1
"5134,4","5103,5","5129,8","5028,1",1
"5145,9","5115,9","5131,9","5031,4",0
"5131,5",5122,"5131,3","5035,4",2
"5154,4","5141,2","5136,8","5040,4",1
"5200,5",5153,"5141,6","5047,5",0
"5175,1","5153,5","5143,1","5054,7",1
"5144,2","5156,8",5143,"5062,7",2
5183,"5167,4",5146,"5072,4",1
"5231,3","5181,2",5149,"5080,3",1
"5246,6","5200,3","5153,2",5088,1
5250,"5208,5","5156,6","5096,6",1
"5246,6","5213,5","5158,6","5103,2",1
"5231,5","5224,6","5160,9","5108,9",2
"5238,2","5240,3",5168,"5115,2",2
"5272,5","5250,2","5179,4",5121,1
"5285,3","5255,7","5189,8",5126,1
"5283,4","5260,7","5201,1","5131,5",1
"5297,3","5269,2","5210,3","5138,8",1
"5311,5","5279,2","5219,1","5144,5",2
"5337,4","5299,5",5231,"5152,1",1
"5357,4","5313,3","5241,4","5158,3",1
"5357,6","5323,8","5252,1","5166,4",0
"5332,5","5326,8","5261,5","5173,1",2
"5332,1","5337,7","5269,9","5179,8",1
"5360,5","5344,8","5277,5","5187,5",1
"5367,5","5353,7","5289,2","5195,3",2
"5393,6","5360,9","5302,4","5202,6",1
"5408,2","5368,2","5311,7","5208,4",1
"5413,4","5376,9","5320,6","5214,1",1
5428,"5395,5","5329,8","5219,9",0
"5414,9","5400,5","5337,1","5225,1",0
"5379,1","5400,9","5343,1","5230,2",1
"5355,5","5397,1","5349,5","5234,6",1
"5359,8","5391,2","5355,2","5240,4",0
"5340,5","5377,7","5356,3","5244,3",1
"5323,2","5365,4",5359,"5248,8",2
"5369,3","5360,9","5364,9","5253,9",2
"5420,1","5366,9","5371,3","5259,5",1
"5437,5","5377,6","5377,5","5264,6",1
"5442,9","5391,9","5381,9","5270,2",1
"5448,1","5402,8","5386,6","5275,5",2
5469,"5428,6",5393,"5281,3",1
"5483,4","5448,6","5401,7","5287,3",2
"5493,9","5464,2","5409,2","5295,2",1
"5508,6","5473,9","5416,5","5304,2",0
"5472,7","5474,3","5419,7","5311,5",1
"5447,2","5475,1","5421,8","5319,4",1
5457,"5476,8","5424,6","5326,1",1
"5455,9","5471,4","5426,1","5332,4",1
"5438,7","5464,1","5425,6","5338,4",0
"5407,2","5446,6","5425,3","5343,3",0
"5349,1","5418,5","5422,6","5346,5",1
"5307,4","5399,4","5420,5","5350,3",2
"5343,7","5388,9",5421,"5354,1",0
"5354,4","5370,1","5421,9","5356,5",0
"5290,8","5341,7","5417,8","5358,7",2
"5275,1","5323,3","5412,5","5361,7",2
"5327,9","5319,1","5408,6","5364,5",1
"5355,2","5325,1","5404,3","5366,7",1
"5364,9","5335,5","5400,8","5369,2",1
"5381,7","5335,9","5397,6","5371,9",2
"5405,9","5350,2","5394,5","5375,6",1
"5427,2","5374,9",5392,"5379,8",2
"5451,3","5400,6","5390,2","5384,1",2
"5492,7",5422,"5390,4","5388,6",2
"5525,6","5449,3","5395,5","5393,8",1
5536,"5470,8","5399,3","5398,7",0
"5507,5","5485,2","5400,5","5402,2",1
"5499,6","5497,6","5403,6","5406,2",1
"5512,4","5509,6","5407,9","5409,2",0
"5482,2","5506,4","5411,1","5411,2",2
5497,"5510,8","5422,7","5414,7",1
"5536,7","5509,6","5434,1","5419,3",1
"5537,6","5511,2","5442,1",5423,2
"5579,7","5530,2","5456,6","5428,1",1
"5614,3",5544,"5474,4","5432,8",0
"5592,7","5553,2","5488,4","5436,1",0
5546,"5562,2","5496,2","5438,3",1
5518,"5559,2","5504,6","5440,3",1
"5525,8","5559,1","5512,3","5442,2",0
"5517,5","5553,4","5518,2","5444,4",2
"5555,9","5552,3","5527,3","5449,3",1
"5613,7","5553,3","5536,9","5454,7",1
"5624,4","5561,3","5544,6","5459,9",0
"5611,3","5571,9","5548,7","5465,5",1
"5576,7","5578,1","5549,7",5470,1
"5558,4","5581,3",5551,"5473,1",2
"5584,9","5597,4","5557,5","5476,6",0
"5597,2","5593,1","5560,7","5479,5",1
"5577,4",5587,5564,5482,2
"5606,6",5588,"5573,2","5485,8",1
"5623,6","5590,5","5576,6","5488,2",1
"5595,8","5593,5","5579,1","5490,3",2
5601,"5602,7",5583,"5492,5",1
"5632,6","5607,1","5584,4","5495,3",0
5627,"5611,2","5584,3","5498,7",2
"5635,3","5623,6","5588,6","5502,8",1
"5669,8","5629,2","5596,6","5507,2",1
"5679,2","5639,5","5604,8","5511,7",1
"5678,9",5653,"5611,9","5516,8",1
"5689,9","5664,9",5622,5523,0
"5684,1","5667,7","5624,8","5530,2",1
"5678,8","5679,7","5628,5","5537,9",0
"5668,2","5677,1","5629,2","5543,1",2
"5663,3","5677,9","5633,7","5550,3",2
"5704,3","5684,3","5641,9","5559,7",1
"5723,4","5690,6","5650,2","5568,2",1
"5717,2","5692,1","5655,1","5575,3",1
"5726,7","5702,8","5663,2",5583,1
"5726,7","5705,8","5670,1","5589,7",1
5704,5713,"5672,9","5595,9",1
"5701,2","5716,6","5677,8","5601,5",1
"5712,1","5715,2","5684,5","5607,3",2
"5739,5","5721,2","5691,7","5613,1",0
"5675,5","5703,3","5688,8","5614,6",0
"5552,4","5671,4","5684,2","5614,1",0
"5487,4","5634,9",5674,"5612,7",0
"5441,6","5596,4","5661,4","5611,5",0
"5404,9","5550,3","5646,6","5608,9",2
"5411,1","5510,4","5634,6","5607,4",1
"5446,1","5466,4","5622,2","5607,5",2
"5489,7","5457,3","5615,2","5607,2",1
"5531,1","5460,3","5607,4","5607,2",0
5517,"5465,7",5600,"5606,3",0
"5464,5","5466,9","5587,6","5602,6",0
"5364,6","5454,2","5566,1","5596,3",2
5343,"5447,5","5549,5","5592,6",1
5386,5437,5533,"5589,9",2
"5420,6","5427,7","5518,9","5588,8",2
"5481,1","5422,8","5508,4","5588,2",1
"5502,7","5423,7","5498,8","5588,2",2
"5550,3","5447,3","5493,3","5587,9",2
"5616,6","5495,6","5489,2","5588,3",0
"5605,5","5522,3","5479,9","5587,2",1
"5581,7","5551,6","5479,8","5587,1",0
"5569,9","5564,9","5481,7","5586,9",2
"5592,1","5583,3","5490,3","5588,4",1
"5632,8","5602,1","5500,8","5588,8",1
"5639,9","5608,9","5513,8","5590,1",2
"5678,7","5619,9","5527,6","5592,9",1
"5725,5","5643,1","5541,8","5594,9",1
"5740,2","5665,2","5552,6","5597,5",1
"5753,8","5695,7",5564,"5601,2",1
"5759,1","5712,9","5576,8","5603,9",1
"5750,4","5729,3","5592,6","5605,9",2
"5769,1","5749,8","5617,3","5609,6",2
"5825,7","5771,3","5640,9","5613,5",1
"5860,1","5788,3","5664,7","5617,2",1
5847,"5801,8","5683,5","5620,3",1
"5832,5","5810,8","5699,8","5623,3",2
5884,"5837,5","5721,7",5628,1
"5928,1","5861,5","5737,6","5633,1",0
"5901,7","5875,3","5750,2","5636,9",2
"5916,7","5887,5","5768,7",5643,1
"5945,9","5899,9","5786,6","5648,2",1
"5937,6","5913,4","5805,5","5652,3",1
"5945,4","5932,1","5821,9","5657,1",2
"5975,1","5939,4","5839,7","5662,7",1
"5997,2","5951,9","5857,7","5667,9",2
"6036,6",5978,"5875,5",5675,1
"6070,2","5995,7","5892,1","5682,6",0
"6052,9","6008,5","5906,8","5689,1",1
"6042,9","6025,8",5921,"5695,8",0
"6032,2","6033,3","5934,1","5700,8",2
"6031,7",6042,"5949,2","5710,1",1
"6038,5","6045,1",5961,"5720,3",1
"6038,1","6042,4","5970,4","5732,1",0
"6033,8","6034,8","5978,4",5744,1
"6022,5","6033,7","5987,9","5756,8",2
"6064,1","6040,8","6001,6","5770,1",1
"6095,5","6051,8","6009,1","5782,8",1
"6089,8","6057,4","6017,7","5794,1",2
6105,"6070,8","6029,4","5805,7",0
"6084,3","6070,6","6034,5","5816,8",1
"6052,9","6076,3","6040,1","5829,3",1
"6064,5","6082,6","6047,2","5844,8",1
"6063,9","6076,2",6052,"5858,1",1
"6049,3","6069,4","6054,6","5871,3",2
"6073,1","6071,4","6059,6","5884,2",2
"6136,1","6078,3","6064,5","5897,5",0
6147,"6089,4","6067,3",5910,0
"6102,2","6092,4","6069,5","5919,6",0
"6028,2",6079,"6065,8","5926,4",0
"5934,2","6055,3","6059,7","5932,7",1
"5886,9","6032,6","6051,3","5938,7",2
"5911,7","6009,2",6047,"5946,4",0
"5919,1","5970,6","6039,4","5951,7",2
"5916,2","5943,2","6035,2","5957,7",2
"5990,8","5938,8","6036,2","5965,8",2
"6076,3",5957,"6036,4","5973,6",1
"6096,2","5985,1","6036,3","5980,6",1
"6079,4",6012,"6035,4","5987,2",1
"6082,5","6033,9","6034,1","5993,7",0
"6061,5","6052,7","6033,1","5999,3",1
"6026,5","6065,4","6031,4","6004,8",1
"6013,1",6059,6028,"6009,1",0
"5978,1","6037,3","6022,8","6010,9",1
"5947,5","6016,6","6017,8","6012,6",2
5974,"6007,2","6012,9",6016,2
"6030,6","6001,7","6007,3","6020,5",1
"6040,9","6001,3","6002,3","6022,2",2
"6048,4",6008,"6001,9","6025,3",1
6084,"6021,6","6007,9","6029,5",0
"6078,8","6036,8","6016,3","6031,8",2
"6081,1","6059,8","6027,3","6034,9",1
"6103,7","6073,8","6035,5","6038,4",0
"6061,9","6068,7","6041,6","6039,6",1
"6010,2",6065,"6044,9","6039,8",2
"6052,1","6069,8","6047,7","6041,8",1
"6110,5","6072,6","6048,4","6042,8",1
"6121,8",6082,"6050,3","6043,9",1
"6112,4","6081,5","6051,7","6045,2",0
"6047,6",6066,"6046,8","6044,1",2
"6030,7","6072,6","6048,6","6045,1",0
"6011,3","6066,4","6045,3","6043,2",2
"5983,2","6052,9","6045,6","6042,9",0
"5958,3","6022,9","6043,3",6040,0
"5872,3","5981,7","6038,1","6036,4",0
"5756,1","5921,1","6021,5","6029,4",0
"5659,5","5870,8",6001,"6020,2",1
"5645,2","5810,9","5981,9","6011,4",2
"5698,7","5781,5",5966,"6004,6",0
"5702,7","5730,8","5943,8","5995,3",1
"5668,2","5698,6","5924,9",5988,0
5640,"5664,4","5899,7","5978,8",0
"5565,4","5644,1","5871,1",5968,2
"5576,7","5640,7","5851,2","5959,3",2
"5684,8","5655,4","5838,6","5953,4",0
5687,"5637,4","5814,7","5943,8",0
"5536,7",5608,"5781,2","5929,4",2
5509,"5591,9","5753,4","5918,3",0
5524,"5574,9","5722,4","5906,3",0
"5460,7",5562,"5694,7","5895,6",0
"5354,1","5511,3","5654,7","5883,1",2
"5314,6","5456,2",5625,"5872,7",2
"5381,5",5424,"5594,5","5861,9",1
"5409,1","5419,7","5570,1","5852,3",2
"5468,5","5412,4","5554,1",5844,1
"5520,8","5418,8","5546,6","5833,5",2
"5546,4","5436,9","5542,8","5822,8",1
5580,"5483,3",5540,"5812,9",0
"5532,4","5499,1","5526,2","5800,9",2
"5497,1","5516,3","5519,5","5789,5",2
"5556,3","5541,2",5515,"5780,7",2
"5627,6","5561,8","5518,2","5773,5",1
5657,"5580,1","5524,2","5766,5",1
5662,"5594,9","5526,8","5760,9",0
"5612,1","5589,3","5516,9","5753,1",1
"5564,1","5603,9","5514,5","5744,5",0
"5503,4","5591,1","5513,6",5732,0
"5408,3","5561,6","5504,4","5719,2",2
"5432,7","5535,4","5504,4","5707,3",1
"5493,5","5514,9","5507,7","5695,5",2
5537,"5499,7","5522,7","5685,7",1
"5552,4","5497,9","5531,5","5674,4",0
"5489,1","5478,2","5533,5","5661,1",2
"5494,4","5495,3",5540,"5651,7",2
"5640,1","5544,5","5550,6","5646,3",0
"5709,8","5574,5","5558,9",5638,1
"5694,7",5602,"5565,5","5629,6",1
"5696,6","5620,1","5570,6",5621,0
5667,"5634,7","5578,9","5611,8",2
"5666,2","5670,6","5587,5","5605,7",2
"5712,1","5696,9","5594,5","5599,1",1
"5724,5","5694,8","5597,2","5594,3",2
"5744,5","5706,8","5603,3","5589,5",1
"5786,3","5720,9","5609,6","5587,4",1
"5802,7","5737,2","5622,3","5586,8",1
"5805,3","5760,4","5633,7","5589,3",2
"5823,8","5782,2","5654,4","5593,3",1
"5836,3","5795,9","5676,5",5597,2
"5845,7","5816,8","5695,7","5599,2",1
"5850,2","5826,1","5712,2","5602,9",1
"5850,7","5835,2",5727,"5606,5",1
"5853,4","5840,6","5742,3","5611,4",0
"5825,7",5841,"5760,7","5616,9",0
"5790,9","5831,2","5771,9",5620,2
"5796,6","5829,7","5776,3","5621,4",0
5793,"5816,2","5780,3","5624,2",1
"5753,9","5802,2","5782,3","5630,1",0
"5700,9","5773,4","5780,7","5631,9",2
"5683,2","5753,5","5783,9","5636,4",0
"5689,9","5734,6","5783,1","5641,1",2
"5717,5","5732,5","5784,4",5651,2
"5777,6","5729,1","5788,4","5659,6",2
"5815,5",5739,"5791,5","5668,3",0
"5820,1",5748,"5791,8",5676,2
"5825,9","5774,7","5793,8","5682,6",0
"5789,4","5778,4","5790,2","5686,8",1
"5725,7","5784,9",5784,"5689,8",0
"5702,5","5774,1","5776,8","5691,7",1
5697,"5761,9","5769,2","5696,4",1
"5696,3","5740,1","5761,4","5699,7",0
"5657,4","5715,5","5749,8","5700,4",0
"5577,9","5669,2","5733,8","5697,7",1
"5529,9","5641,3","5720,3","5695,4",1
"5537,2","5615,4","5708,5","5692,7",2
"5576,3","5605,2","5698,2","5693,9",0
"5587,4",5584,"5687,9","5693,6",0
"5542,4","5561,2","5677,1","5695,5",0
"5478,1","5532,8","5665,6","5696,4",2
"5469,6","5530,3","5655,7",5697,0
5444,"5508,3","5641,1","5694,4",2
"5398,7","5490,7","5623,8","5691,4",2
"5468,6","5477,5","5610,2","5691,1",0
"5489,8","5462,8","5591,3","5691,4",1
"5446,3","5450,1","5572,8","5689,1",2
"5497,7","5468,4","5558,4","5685,8",2
"5579,7","5481,5","5551,8","5683,9",2
"5634,3","5522,8","5549,3","5683,3",0
5650,"5553,3","5546,6","5682,1",0
"5588,3",5557,"5538,4","5680,2",2
"5603,1","5585,7","5537,2","5679,6",1
"5666,4","5619,9","5539,3","5678,4",2
"5696,3","5642,4","5549,1","5678,4",2
"5734,8","5664,2","5559,8",5678,1
"5737,8",5672,"5569,1","5676,5",1
5734,"5688,3","5575,6","5675,2",0
"5667,1","5694,5","5577,1",5671,1
"5598,1","5686,8","5581,2","5666,2",0
"5560,1","5664,1","5585,3","5659,9",1
"5512,1","5634,2","5585,4","5652,9",1
"5503,4",5598,"5591,2",5646,1
"5504,4","5567,5",5596,5639,2
"5557,1","5547,5","5600,1","5634,2",1
"5608,5","5550,8","5607,9","5630,3",1
"5620,9",5554,"5617,6","5627,4",1
"5627,4",5570,"5620,9","5623,6",1
"5620,7",5585,"5621,7","5620,5",0
"5582,2","5592,5","5615,6","5616,7",1
"5548,2","5597,5","5611,5","5614,4",0
"5496,4","5575,2","5606,5","5609,2",1
"5449,8","5552,1","5596,1","5604,8",2
"5474,3","5533,3","5587,2","5599,5",0
"5465,5","5505,9","5573,1","5592,3",0
"5417,9","5475,4","5555,5","5583,6",1
"5385,9","5449,8","5537,9","5574,9",2
"5387,5","5429,4","5520,9","5566,1",0
"5327,2","5401,4","5503,9","5556,4",1
"5238,1",5369,"5484,9","5546,5",0
"5191,2","5320,6",5467,5536,0
"5124,7","5271,6","5446,1","5523,7",0
"4918,4","5177,9","5408,5","5504,9",2
"4793,5","5102,3","5375,1","5489,1",0
"4739,7","4992,8","5326,8","5471,4",2
"4776,9","4945,1","5291,9",5459,0
"4897,6","4895,5","5254,4","5445,8",1
"4863,2","4851,4","5215,5","5430,5",2
"4894,9","4829,8","5181,8","5418,1",0
"4907,5","4848,2",5148,"5405,1",1
"4871,7","4852,1","5114,2","5393,8",2
"4923,9","4900,9","5090,7","5383,2",1
"4975,9",4909,"5066,8","5375,1",0
"4875,3","4894,5","5030,8","5362,3",2
"4796,6",4890,"4999,9","5348,2",0
"4770,1","4858,9","4966,1","5333,5",1
"4716,7","4835,5",4933,5319,1
"4696,2","4808,7","4896,9","5301,4",2
"4761,7","4789,1","4876,4","5286,3",1
"4848,1","4772,2","4857,9",5270,1
4857,"4783,9",4843,"5254,6",0
"4815,2","4777,5",4827,"5239,1",2
"4816,8","4797,2","4832,9","5223,1",1
"4873,8","4822,4",4835,"5207,4",0
"4849,3",4841,"4843,8","5189,3",2
"4835,8","4843,6","4840,9","5171,4",0
"4841,7","4839,2","4838,2","5153,4",2
"4871,9","4847,8","4841,8","5136,9",2
"4946,2","4876,6","4843,4","5124,6",1
"4970,9","4891,9","4848,1","5111,8",0
4917,"4888,9","4847,9","5098,8",0
"4827,9","4885,8","4838,5","5084,5",0
"4766,7","4869,2",4827,"5069,4",0
"4709,3","4847,9","4821,9","5052,7",2
"4716,2","4824,7","4818,9","5035,7",0
"4717,2","4782,5","4816,6",5017,0
"4648,5","4732,6","4812,1","4996,8",0
4593,4690,"4806,3","4975,6",2
"4597,3","4666,7","4795,7","4955,9",2
"4662,4","4660,2","4787,8","4938,8",0
"4663,6","4653,6","4776,3","4920,5",0
"4611,2","4630,2","4767,4","4903,4",0
"4511,6","4594,9","4745,8",4883,2
"4506,8","4589,7","4730,7","4864,7",1
"4569,3","4588,1","4717,8","4847,1",1
"4544,8","4574,7","4701,6","4829,8",2
"4612,9","4573,9","4694,9","4816,2",1
"4684,3","4580,6","4682,8","4801,7",2
"4698,1","4598,8","4670,1","4791,1",1
"4707,7","4636,6","4656,5","4780,5",1
"4701,5","4654,4","4648,6","4771,5",2
"4786,5","4698,7","4652,3","4766,9",2
4889,"4752,7","4660,8","4770,3",1
"4899,9","4780,7","4671,4","4771,2",1
"4894,4","4812,7","4678,6","4776,5",2
"4922,7","4844,9","4691,9",4777,0
"4928,6","4875,9","4706,6","4777,7",0
"4893,8","4899,9",4722,"4778,3",1
"4867,2","4898,9","4733,6","4776,6",0
"4828,7","4882,6","4738,7","4775,1",0
"4782,2","4865,3","4745,5",4773,1
"4773,6","4848,1","4754,9","4769,1",2
"4817,9","4835,3","4776,1","4766,7",1
"4858,6","4828,1","4790,1","4768,4",2
"4911,9","4840,5","4810,4","4771,3",0
4936,"4847,8","4829,2","4775,1",0
"4891,5","4858,4","4838,2","4778,3",2
"4908,6","4883,9","4851,6","4783,6",1
"4937,1","4905,2","4862,1","4785,3",2
"4953,9","4922,7","4876,2","4787,8",2
"4995,5","4944,3","4891,5","4790,9",0
"4994,9","4946,5","4897,1",4795,1
"4986,8","4958,8","4901,3","4797,7",2
"5033,1","4986,9","4910,4","4801,4",1
"5066,5","5003,9","4918,5","4806,4",1
"5052,1","5019,8","4923,3",4810,2
"5058,1","5033,7","4931,5",4815,1
"5065,4","5039,8","4940,5","4817,8",0
"5008,1","5037,4","4945,6","4817,5",1
"4968,4","5034,5","4954,5","4817,6",1
"4987,4","5024,4","4966,1","4820,3",2
5027,"5023,2","4979,8","4825,6",1
"5056,4","5025,6","4989,9","4831,9",1
"5067,8",5026,"5000,7","4839,9",2
"5110,1","5038,3","5009,8","4847,7",0
"5098,5","5051,8",5017,"4855,2",1
"5041,2","5059,1","5024,7","4863,4",1
"5028,1","5063,4","5028,9","4872,6",0
"4981,3","5046,1","5029,1","4878,7",1
"4935,8",5029,"5027,1","4883,5",0
"4922,2","5004,5","5021,8","4889,1",2
"4938,8","4980,1","5021,5","4896,6",1
"4973,5","4968,8","5020,5","4907,5",2
"4995,1","4966,9","5017,7","4916,2",0
"4974,7","4953,5","5011,3","4923,8",2
"4959,5","4960,7","5008,4","4932,8",0
"4949,4","4957,4","5000,4","4937,2",1
"4911,1","4957,5",4993,"4941,8",0
"4851,2","4932,4","4984,7","4943,3",1
"4797,4","4907,1","4975,9","4945,4",0
"4780,2",4871,4964,"4946,5",0
4711,"4831,8","4944,3","4942,4",1
"4666,6","4787,3",4925,"4937,6",1
"4677,3","4754,1","4905,3","4933,5",1
4670,"4718,4",4881,"4928,6",1
4672,"4702,9","4862,6","4923,5",0
"4652,5","4677,1","4842,2","4917,6",1
"4605,1","4652,8","4820,3","4911,9",0
"4550,3","4631,2","4799,1","4904,9",1
"4510,3","4608,2","4777,8","4899,2",0
"4492,6","4578,4","4756,1","4893,3",2
4505,4561,"4734,4","4888,4",0
"4481,2","4523,9","4706,9","4879,9",1
"4411,8","4492,2",4676,"4870,6",2
"4416,1","4469,9",4651,4860,0
4388,"4445,9","4618,9","4848,6",0
"4318,8","4415,2",4588,"4837,1",2
"4320,2","4396,6","4559,8","4825,1",0
4305,4358,"4533,3","4811,8",2
"4304,3","4346,1","4510,5","4799,1",0
"4309,1","4328,7","4486,2","4784,4",2
"4307,6","4315,1","4470,2","4771,6",0
"4285,6","4299,4","4448,1","4756,3",0
"4166,1","4271,4","4419,1","4736,9",2
"4121,6","4242,7","4393,3","4718,5",0
"4101,8","4213,4",4362,"4698,9",2
"4086,8","4180,5","4336,7","4679,7",2
"4169,2","4173,4","4318,4","4663,1",2
"4262,7","4167,7",4308,"4649,9",1
"4313,3","4181,3","4298,7","4636,9",1
"4327,2","4213,7","4291,4","4623,5",2
4368,"4251,7",4285,"4610,5",0
"4378,4","4292,7","4281,1","4596,3",1
"4362,6","4330,5","4280,1","4582,3",0
"4350,8","4344,6","4274,6",4566,1
"4322,5","4347,6","4273,6","4551,3",2
"4360,5","4358,1","4278,8","4538,7",1
"4396,5","4367,4","4281,2",4526,0
"4353,4","4353,9","4283,6","4513,6",0
"4297,5","4344,3","4280,5","4500,5",2
"4333,5","4345,6",4286,"4490,1",2
"4417,3","4363,3","4291,5","4479,6",1
"4452,9","4382,9","4302,8","4469,2",2
"4474,6","4395,9","4322,3","4458,8",2
"4515,2","4416,8","4342,1","4450,9",1
"4528,5","4445,9",4365,"4441,6",0
"4460,7","4463,4","4379,5","4431,3",1
"4411,9","4468,4","4389,3","4421,6",2
"4437,3","4469,1",4397,"4414,8",1
"4451,2","4467,9","4403,1","4407,7",0
"4390,8","4445,2","4403,3","4399,2",2
"4349,3","4420,5","4401,2","4393,3",0
"4335,2","4389,9",4399,"4385,9",2
"4352,5","4389,6","4400,2","4380,3",0
"4378,2","4380,3","4401,8","4374,3",1
"4362,2","4368,1","4404,2","4367,9",1
"4370,8","4357,3","4402,8",4363,2
"4417,3","4375,7","4406,2","4360,4",1
4472,"4392,4","4414,7","4359,9",1
"4477,4","4416,3","4424,2","4359,1",2
"4505,6","4436,1","4431,9","4360,4",0
"4493,1","4449,2","4431,8","4358,6",0
"4375,6","4439,9","4424,1","4356,1",0
"4250,3","4414,7","4409,4","4352,1",2
"4268,4","4397,4","4399,5","4350,2",0
"4316,8","4370,4","4388,2","4349,3",1
"4288,5","4343,4","4382,2",4349,0
"4266,4",4302,"4373,7","4347,1",2
"4290,9","4285,7","4367,6","4348,5",0
"4250,8","4266,4","4353,6",4345,0
"4128,2","4250,8","4341,3","4341,2",0
"4043,8","4202,2","4323,1","4334,4",0
3979,"4154,2","4305,7",4329,2
"4141,4","4160,1","4301,9","4333,4",0
"4274,2","4156,5","4295,3","4335,1",0
"4181,7","4128,9","4283,9","4336,6",1
"4127,2","4121,2",4271,"4336,7",2
"4170,7","4141,1","4259,2","4336,7",0
"4195,1","4164,4","4243,3",4334,0
"4058,4","4163,8","4217,3","4326,5",2
"3992,8","4121,9",4192,"4320,6",1
"4043,3","4097,8","4172,3","4313,5",0
"4008,9","4072,6","4155,3","4305,8",2
4022,"4067,8","4149,5","4299,9",0
"3896,4","3994,2","4118,1","4287,6",1
"3722,1","3932,6","4090,1","4275,9",0
"3614,6","3867,4","4050,7","4257,8",0
"3469,8","3783,2","4010,4","4238,8",0
"3309,6","3657,8","3952,6","4216,1",2
3354,"3596,1","3920,7","4201,1",2
3580,"3531,5","3897,8","4185,9",0
"3504,8","3484,2","3866,8","4164,6",0
3281,"3405,5",3828,4139,2
"3255,5","3381,6","3778,2","4115,8",2
"3389,2","3382,4","3739,5",4094,1
3462,"3425,1","3706,3","4073,1",0
"3386,8","3391,8","3665,4",4051,1
"3304,5","3346,4","3619,6","4028,8",0
"3252,3","3319,7","3571,2","4003,7",0
"3130,6","3303,4","3526,9",3976,2
"3091,1","3272,7",3481,"3951,7",2
"3258,7","3266,2","3448,4","3932,4",1
"3405,2","3256,5","3420,6","3914,5",2
"3447,4","3283,5","3390,9","3896,2",2
"3507,5","3314,5","3381,7","3879,6",2
"3609,5","3385,5","3379,7","3866,1",0
"3654,6","3464,2","3385,7",3851,0
"3502,7","3503,1",3383,"3829,5",2
"3428,2","3512,6","3397,6","3809,2",2
"3487,4","3526,6","3396,3","3789,9",0
"3421,1","3505,1","3381,7","3765,9",0
"3285,2","3463,1","3374,4","3741,6",2
"3251,7","3402,9","3378,8","3720,9",1
"3280,5","3356,2","3376,9","3702,8",0
"3236,8","3326,9","3363,5","3679,6",2
"3199,7","3290,9","3350,6","3658,1",0
"3152,6","3231,2","3340,1","3634,2",0
"3034,2","3180,4","3323,6","3608,8",0
"2930,8",3130,3308,"3579,8",2
"3026,7","3116,1","3313,2","3559,9",2
"3190,8","3104,4","3317,9","3542,3",0
"3189,7","3102,6","3306,3","3525,7",2
"3210,1","3107,4","3298,4","3511,5",1
"3256,5","3132,3","3287,2","3490,3",0
"3171,6","3146,6","3264,8","3467,4",2
"3116,7","3185,4","3237,9","3447,7",1
"3159,8","3184,6","3215,3","3428,7",1
"3163,9","3177,7",3204,"3407,4",0
"3074,6","3151,7",3180,"3383,9",2
"3117,7","3151,3","3167,1","3369,8",2
"3272,6","3156,3","3165,1","3355,1",1
"3309,1","3190,6","3169,5","3340,4",1
"3313,2","3212,5","3171,3","3327,3",0
"3259,9","3219,2","3167,4","3309,9",1
"3199,6","3222,7","3167,6","3299,4",2
"3218,7","3260,4","3169,3","3289,8",1
"3246,8","3259,6",3177,"3284,7",1
3238,"3250,5","3189,7","3280,5",1
3230,3237,"3206,9","3281,5",0
"3188,6","3214,9","3205,9","3273,9",1
"3139,9","3202,7","3201,8","3263,9",1
"3122,3","3192,8","3199,1","3258,6",1
"3123,5","3175,5","3193,2","3257,6",2
"3173,9",3172,"3190,9","3255,4",1
"3217,6","3169,7","3197,8","3250,8",2
"3283,8","3187,4","3207,6","3248,2",1
"3354,8","3217,2","3217,3","3249,5",2
"3378,1","3255,4",3229,"3251,2",0
"3371,2","3288,2","3246,9","3254,2",1
"3335,2","3315,9","3250,8","3259,4",1
"3311,9","3327,7","3250,8","3263,1",0
"3272,8","3331,7","3247,1","3259,9",0
3222,3310,"3241,7","3255,7",0
"3124,9",3266,"3233,6",3247,0
"3023,9","3208,8","3224,2","3236,4",1
"3006,3","3161,8","3212,4","3222,9",1
"3003,2",3114,"3199,8","3210,3",0
"2957,5","3060,5","3184,4","3201,1",1
"2915,4","3011,9","3168,3","3189,8",0
"2887,6",2965,"3154,2","3177,1",1
"2859,4",2936,"3140,3","3167,4",2
"2902,3","2930,2","3132,2","3161,8",1
2955,"2921,3","3123,4","3155,5",2
"3015,3","2933,6","3116,4","3151,2",0
"3042,9","2945,7",3106,"3147,7",0
"2991,8","2955,5","3087,2","3142,9",0
2952,"2964,1","3065,7","3139,7",2
"2956,2","2983,1",3045,"3139,7",2
"3025,7","2999,4","3031,1","3143,5",1
"3067,6","3015,3","3018,2","3141,4",2
"3094,5",3022,"3009,4","3139,6",1
"3128,8","3039,9","3003,8","3138,9",0
"3077,8","3046,6",2995,"3134,4",1
"3024,2","3060,5","2993,8","3129,7",0
2996,3058,"2992,2","3127,3",2
"2981,1","3047,8","2991,2","3124,2",0
2980,"3032,9","2989,9","3120,1",0
"2918,7","2997,6","2987,4","3114,4",1
"2874,7","2960,3","2985,8","3112,1",1
"2873,3","2939,1","2985,9","3104,6",0
"2811,6","2899,6",2981,"3093,7",1
"2739,2","2865,8","2969,6","3081,9",1
2718,"2824,4","2957,3","3069,9",1
"2702,5","2786,5","2938,4","3059,6",2
"2720,9","2767,8","2925,1","3050,7",0
"2723,7","2743,3","2911,5","3039,8",0
2642,"2701,7","2894,1","3026,5",1
2568,"2673,7","2872,7",3013,2
"2615,1","2666,3","2853,1",3002,0
"2622,7","2646,5","2828,2","2990,3",0
2552,"2623,3","2798,8","2978,4",1
"2526,9","2591,1",2768,"2966,5",2
"2591,5","2585,5","2750,2","2957,2",1
"2668,9","2598,8","2732,5","2946,3",1
"2684,2","2618,7",2719,"2935,8",1
"2699,9",2623,"2704,4","2922,9",2
"2748,6","2654,7","2695,9","2911,6",1
"2779,5",2688,"2690,5",2899,1
"2763,8","2722,4","2684,8","2887,3",1
"2768,7","2738,6",2680,"2876,3",1
"2784,1","2755,3",2682,"2866,2",2
"2830,4","2780,4","2689,1","2858,6",1
2872,"2804,5","2697,4","2852,2",1
"2883,9",2819,"2707,2",2849,1
"2892,8","2836,9","2714,6","2846,9",0
"2866,3","2848,3","2721,5","2843,4",0
2780,"2840,1","2728,4",2838,2
"2763,3","2842,4","2741,1","2835,6",2
"2823,5","2838,1","2749,2","2834,3",2
"2915,8","2854,9","2770,4","2836,8",0
"2975,4","2864,3","2791,6",2839,1
"2944,2","2869,6","2812,1","2838,4",1
2916,"2878,5",2824,"2837,4",1
"2911,7","2907,3","2836,4","2834,3",2
"2947,6","2931,1","2850,4","2833,6",1
"2987,2",2954,"2865,1","2834,1",1
2993,"2953,1","2874,8","2835,2",2
3012,"2964,5","2888,4","2836,3",2
"3065,1","2987,7","2904,9","2836,8",0
"3030,7","2997,2","2914,6","2834,9",1
"2971,7","3004,8","2923,7","2831,9",2
"2999,6","3012,1","2931,5","2829,7",1
"3016,9","3013,3","2938,2","2829,5",2
"3055,7",3030,"2948,7",2831,1
"3102,6","3039,2","2959,2","2833,7",0
"3076,7","3033,4","2969,7","2834,8",2
3084,"3054,4","2989,6","2837,9",2
"3138,4",3081,"3007,2","2843,6",2
"3198,9","3111,4","3027,1","2850,8",1
"3231,5","3142,3","3038,8","2857,9",2
"3254,3","3168,1",3055,"2868,6",0
"3267,5","3189,4","3071,1",2879,2
"3282,1","3226,8","3091,6","2891,1",0
"3280,6","3245,6",3108,"2902,2",1
"3239,9","3255,8","3120,8","2911,9",0
3192,"3243,6","3128,5","2920,9",1
"3154,6","3233,8",3137,"2932,4",1
"3162,7","3217,4","3143,5","2944,7",2
"3207,2","3216,6","3151,2","2956,1",1
"3260,2","3211,2","3166,5","2970,2",1
"3289,2",3219,3183,"2985,6",0
"3260,4","3217,1","3192,6","2999,5",1
"3222,7","3227,8","3203,5","3010,8",1
"3232,1","3239,2","3210,2",3022,2
"3253,1","3253,6","3218,6","3033,6",1
"3282,5","3260,7","3230,8","3045,3",0
"3279,3","3259,1","3238,1","3054,8",1
"3270,7","3255,4",3244,3065,2
"3328,6","3278,6","3251,1","3077,4",1
"3378,8",3300,"3258,7","3089,4",0
"3343,8","3310,5",3260,"3099,8",1
"3310,8","3316,5","3263,1","3108,6",1
"3325,5","3322,8","3264,4","3117,9",0
"3314,4","3326,5","3266,4","3125,8",1
"3293,2","3329,2","3269,7","3133,9",1
3306,"3320,1","3277,8","3143,4",1
"3325,1","3313,9","3286,8","3155,7",1
"3330,5","3316,3","3294,6","3166,1",0
"3272,9","3303,1","3293,3","3173,7",1
"3216,8","3285,2","3290,3","3178,1",0
"3187,5","3266,8","3283,2","3182,2",2
"3177,6","3252,2",3282,"3187,5",1
"3207,7","3238,7","3281,7","3193,9",0
"3172,3","3208,5",3276,"3197,9",1
3120,"3178,6","3268,4","3200,8",2
"3150,8","3173,6","3262,9","3204,4",1
"3173,9","3166,3","3257,8",3208,0
"3146,4","3161,9","3250,4","3209,8",2
"3161,7","3161,8","3241,1","3211,9",0
"3167,1","3150,3","3229,3","3215,3",2
"3178,7","3163,6","3224,6","3220,1",0
"3166,7","3163,6","3214,8",3222,1
3118,"3154,3","3203,9","3224,2",0
"3100,8","3142,7","3193,5","3223,8",0
"3065,4","3131,1","3181,1","3222,7",0
"3029,1","3104,8","3165,8","3221,9",1
"3017,8","3088,5","3150,4",3220,0
"3004,5","3055,1","3133,2","3216,5",2
"3017,6","3045,9","3124,8","3212,8",1
3067,"3040,5","3118,2","3209,9",2
"3126,6","3053,2","3118,7","3207,7",1
"3185,5","3074,8",3119,"3206,6",1
"3209,1","3104,6","3118,9","3204,8",2
"3244,7","3139,6","3126,3","3205,2",2
"3286,9","3185,3","3135,6","3206,6",1
3304,"3221,5","3141,6","3209,7",2
"3339,4","3263,1","3152,1",3214,1
"3370,1",3291,"3163,9",3218,1
"3369,4","3315,7","3172,9","3220,5",0
"3351,7","3331,8","3182,4","3221,6",2
"3348,3","3345,3","3189,8","3222,9",2
"3400,6","3364,2","3205,8","3227,2",1
"3430,9","3381,6","3221,1","3231,2",2
3452,"3396,4","3240,9",3236,1
"3477,1","3412,1","3262,3","3240,2",1
"3467,5","3424,4","3284,7","3243,4",1
"3468,2","3445,4","3307,3","3247,7",2
"3499,5","3467,6","3334,2","3252,6",1
"3512,8","3477,5","3356,9","3255,1",0
"3480,4","3481,8","3375,6","3256,7",2
"3481,7",3486,"3392,4","3260,6",1
"3515,8","3492,8","3408,6","3264,9",1
"3509,8","3498,1","3422,5",3268,0
"3457,5","3489,8","3429,9","3270,6",2
"3435,2","3479,7","3437,3","3273,7",1
"3450,5",3472,"3444,5","3276,4",2
"3477,8",3479,"3451,1","3279,8",2
"3560,6","3494,5","3463,6","3285,6",2
3634,"3512,8","3477,6","3294,2",1
"3666,4","3539,2","3495,1","3303,6",1
"3674,5","3574,8","3510,2","3313,7",1
"3658,4",3603,"3520,9","3322,8",2
"3670,8","3637,7","3534,2","3332,2",0
"3673,3","3658,9",3543,"3342,8",0
"3618,5","3654,3","3548,3","3352,2",1
"3578,3",3643,"3554,1","3359,9",1
"3563,3","3624,8","3557,9","3367,7",2
"3576,1","3614,9","3561,7","3377,1",2
"3625,8","3615,5","3569,1","3386,3",1
"3656,9","3610,9","3579,4","3396,7",2
"3684,3","3618,6","3589,4","3406,5",1
"3706,8","3636,1","3598,5","3418,3",1
"3720,4","3659,2","3610,5","3430,6",1
"3732,8","3684,5",3626,"3443,6",1
"3741,4","3706,4","3641,1","3457,7",2
3783,"3729,4","3659,3","3473,7",1
"3824,5","3754,3","3675,8","3489,9",1
"3831,6","3771,5","3686,4","3506,8",1
3820,"3786,7","3694,4",3522,1
"3817,8","3799,3","3701,5","3536,9",1
"3822,7","3812,4","3709,2","3549,9",0
"3790,1","3813,2","3714,7",3561,1
"3748,8","3802,6",3717,"3571,5",2
"3782,1","3801,1","3725,5","3582,5",1
"3819,6","3799,2","3737,1","3592,8",1
"3804,8","3796,8","3748,2","3602,6",0
"3758,1","3782,1","3756,5","3609,5",0
"3685,3","3757,5","3759,1","3615,2",1
"3662,5","3745,6","3760,2","3621,2",2
"3722,6","3750,1","3765,7",3630,1
"3763,3","3740,3","3768,1","3637,8",2
"3781,6","3739,2","3773,2","3645,3",1
"3803,2","3739,8","3776,4","3652,7",2
"3822,7","3757,7","3782,2","3660,1",0
"3823,6","3779,3","3784,6","3666,6",2
3842,3809,"3788,1","3675,1",1
"3883,3","3825,2","3790,5","3683,2",0
"3855,7","3835,4","3790,5","3689,3",2
3860,"3847,6","3794,5","3697,1",1
"3881,9","3857,9","3796,9","3705,4",1
"3872,3","3861,8","3799,5","3712,7",0
3847,"3864,6","3802,6","3718,6",1
"3814,5","3853,9",3806,"3724,9",0
"3776,3",3834,3802,"3731,4",1
"3744,2","3822,1","3798,5","3737,3",0
"3703,9","3789,4","3791,9","3741,5",2
"3688,9","3766,9","3791,6","3745,7",0
"3660,9",3729,"3789,5","3745,5",2
"3623,6","3703,1","3787,7","3745,3",0
"3611,9","3671,1","3778,4","3743,4",2
"3627,3","3660,5","3774,1","3743,4",2
"3689,5","3655,5","3769,2","3744,6",1
3708,"3661,7","3764,6","3744,9",2
"3746,4","3671,9","3761,6","3747,5",1
"3785,5","3697,3","3760,8","3751,6",1
3800,"3722,3","3757,3","3756,4",1
"3811,2","3754,3","3753,6","3761,5",1
3807,"3773,7","3752,5","3765,6",2
"3834,6","3795,7",3751,"3769,8",0
"3846,1","3813,1","3748,9","3773,2",1
"3828,6","3819,2","3746,6","3775,6",0
"3794,2","3815,6","3743,6","3776,7",0
"3744,8","3803,4","3739,7","3776,6",2
"3771,3","3804,2","3743,1","3778,2",1
"3798,9","3801,1","3745,1","3778,9",1
"3796,9","3793,4","3752,4","3778,8",0
"3744,2",3772,"3750,7","3775,7",2
"3700,3","3756,7","3756,4","3773,5",0
"3700,8","3745,3","3758,4","3770,9",2
"3727,9","3751,9",3768,"3769,9",1
"3785,8","3749,5","3774,2","3769,4",1
"3797,5","3751,5","3778,8","3770,2",2
"3822,9","3756,9","3785,7","3772,4",1
"3843,3","3779,9","3788,5","3772,7",0
"3812,7",3789,"3788,4","3772,1",1
"3771,3",3800,"3785,6","3771,4",2
"3777,9","3803,3","3785,1","3772,9",1
"3801,1","3804,4",3785,3776,1
"3817,1","3808,8","3783,4","3779,1",1
"3832,3","3807,1","3783,6","3780,4",2
3855,"3812,2",3786,"3782,8",0
"3853,3","3818,7","3789,5","3783,2",0
"3812,6",3824,"3792,8","3783,1",2
"3833,3","3834,5","3795,7","3783,7",1
"3885,2",3848,"3801,4","3785,6",1
"3904,6","3859,5","3806,5","3786,2",1
"3911,7","3870,7","3818,2","3786,7",2
"3929,9","3880,9","3829,5","3789,1",1
"3953,6","3899,4","3843,4","3790,5",1
"3947,7","3919,5","3851,4","3791,8",1
"3935,9","3928,7","3858,5",3793,2
"3975,2","3945,2","3869,2","3796,9",1
"4013,4","3959,8","3877,5",3801,1
"4015,3","3974,8","3886,4","3806,4",1
"4021,2","3985,9","3898,4","3812,1",1
4035,3998,"3912,8","3819,7",1
"4044,1","4013,4",3925,"3826,3",0
"4021,6","4022,5","3934,8","3834,1",1
"4000,5","4020,6","3943,3","3841,3",1
"4008,3","4021,1","3952,4",3850,0
"3985,1",4012,"3956,3","3855,7",1
"3965,9","4005,3","3963,7",3861,2
"3993,6","4000,2","3974,4","3867,1",0
"3969,3","3983,9","3977,3","3869,9",0
"3895,6","3964,2","3975,5","3871,5",0
"3841,5","3938,5",3971,"3871,6",0
"3801,3",3905,"3964,4","3871,1",1
"3794,4",3884,"3957,4","3871,1",0
"3783,4","3852,9","3947,4",3869,0
"3724,3","3807,1","3935,1","3866,2",2
"3714,1",3780,"3925,2","3864,5",1
"3750,7","3765,7","3912,6","3864,5",2
"3787,1","3764,4","3902,6","3866,1",1
"3802,8","3766,1","3891,4","3865,8",0
"3741,4","3749,3","3874,6","3863,8",0
"3626,5","3721,3","3850,5","3858,9",2
"3585,5","3709,6","3828,7","3857,5",1
3610,"3691,5","3809,4","3855,3",1
"3624,2","3673,5","3791,1","3854,4",1
"3626,2","3645,6","3771,2","3851,3",1
"3607,9","3617,8","3753,4","3847,3",1
"3604,1","3606,3",3735,"3843,5",2
"3639,1","3621,4",3718,3840,2
"3697,1","3638,2","3707,8","3837,7",1
"3736,5","3657,5","3702,1","3836,9",1
"3758,7","3676,7","3699,5","3837,2",1
"3763,1","3696,7","3698,2","3836,3",0
"3731,9","3712,1","3693,2","3834,4",1
"3711,4","3727,3",3691,"3832,1",0
"3678,2","3723,3","3688,6","3828,2",2
"3674,8","3720,9","3687,1","3824,9",2
"3739,2",3724,"3687,5","3823,7",2
"3790,7","3730,1","3687,5",3824,2
"3827,2","3742,3","3689,9","3823,4",1
"3835,5","3759,7","3696,9",3822,2
"3869,4","3787,5","3714,2",3822,1
3907,3825,3729,"3821,8",1
"3906,8","3853,8","3743,9","3821,1",2
"3926,8","3878,6","3759,3","3820,8",1
"3936,3","3895,3","3774,9","3820,6",1
"3928,2","3907,5","3791,3","3820,5",0
"3909,2","3916,4","3805,4",3818,2
"3914,9","3920,5","3818,9","3816,5",1
"3948,4","3928,2","3830,5","3815,3",1
3948,"3932,3",3840,"3813,6",1
"3931,8","3929,7","3847,8","3811,2",1
"3926,7","3929,5","3856,4","3808,9",1
"3940,3","3933,1","3868,7","3807,9",1
"3951,2","3941,5","3880,4","3806,9",2
"3975,1","3950,3","3898,4","3806,6",1
"3994,7","3954,8","3912,4","3807,3",1
"3994,8","3963,7","3923,9","3807,8",1
3994,"3972,5","3932,7","3807,3",1
"3980,7","3979,1","3939,3","3808,2",2
"4004,1","3990,8","3949,6","3811,7",1
"4044,1","4005,7","3956,7","3816,3",1
"4040,5","4009,5","3962,9","3821,2",0
"4002,7",4008,"3966,3","3824,7",2
"4014,5","4015,1","3971,7","3830,5",1
"4050,5","4024,1","3977,8","3837,7",1
"4041,2","4032,4",3983,"3843,6",1
"4044,8","4035,7","3991,3","3849,5",1
"4061,7","4037,4","3997,7","3854,5",0
"4026,1","4031,6","3999,1","3858,4",1
"3978,6","4030,5","4000,7",3864,2
"3998,6","4027,1","4005,8","3873,3",0
"4002,2","4016,7","4008,3","3880,7",0
"3951,2","4001,3","4006,9","3886,9",1
3938,"3986,1","4006,9","3893,3",2
"3974,3","3976,4","4006,8","3900,9",0
3921,"3956,1","3999,6","3905,8",0
"3815,8","3929,9","3988,9","3909,3",2
"3813,8","3903,3","3981,5","3912,8",1
"3828,8","3880,4","3973,7","3914,6",1
"3822,7","3866,6","3963,4","3916,2",0
"3758,9","3829,2","3945,2","3914,6",0
"3662,7","3777,6","3925,6","3912,2",0
"3596,1","3736,4","3904,5","3909,2",0
"3474,4",3680,"3871,6","3902,7",2
"3556,4","3662,8","3855,1","3904,3",1
"3706,7","3645,1","3838,2",3904,2
"3713,5","3631,6",3822,"3903,3",1
"3732,7","3637,7","3805,3","3901,7",0
3646,"3626,9",3784,3896,1
3552,"3625,1","3762,6","3890,3",2
"3580,4","3657,2","3742,1","3884,5",0
"3564,5","3627,4","3718,8","3876,6",0
"3472,1","3590,1","3694,2","3867,1",1
"3431,6","3546,8","3668,2","3856,8",1
"3430,8","3503,9","3639,9","3846,9",0
"3381,1","3471,1","3614,2","3834,9",2
"3369,9","3451,9","3595,3","3825,3",2
3467,"3438,7","3579,5",3817,1
"3520,2","3439,2","3564,4","3808,2",1
"3511,3","3449,9","3548,4","3799,6",1
"3505,3","3460,3","3539,1","3791,1",1
"3502,3","3470,3","3532,4","3782,6",2
"3529,4","3502,6","3532,4","3774,7",0
"3506,5","3509,4","3535,6","3764,8",0
"3434,7","3493,4","3520,2",3753,0
3397,"3474,2","3504,6","3740,9",2
"3413,6","3465,5","3490,2","3729,8",2
"3481,7","3467,4","3479,5","3720,4",2
"3536,1","3475,1","3479,3",3712,2
"3590,8",3485,"3483,4","3703,9",2
"3643,8","3514,4","3485,6",3696,1
"3668,7","3551,8","3493,8",3689,1
"3679,5","3595,1","3506,3","3683,1",1
"3685,1","3629,4","3519,2","3675,8",2
"3711,7","3660,8","3534,4","3669,5",0
"3720,7","3682,2","3553,1",3663,0
"3673,6","3684,4","3564,8","3654,7",0
"3598,6","3669,3","3566,3","3644,5",0
"3537,5","3646,9","3566,5","3635,1",2
"3548,1","3631,7",3570,"3627,2",0
"3504,7","3595,4","3566,5","3615,4",1
"3437,9","3553,5","3563,5","3604,7",0
"3391,4","3501,3","3552,6",3593,1
"3344,1","3459,4","3547,3","3580,9",1
"3340,4","3427,5","3543,2","3567,6",2
"3377,9","3413,8","3545,4","3559,2",2
"3453,4","3400,5","3547,2","3553,1",2
"3510,8","3415,5","3548,3","3547,1",1
"3546,4","3431,5","3548,2","3541,8",1
"3561,1",3464,"3545,3","3536,6",2
"3602,7","3505,3","3544,1","3535,6",1
"3635,4","3548,3",3542,"3535,5",0
"3607,4","3570,9","3536,9",3536,0
3541,"3573,3","3527,6","3538,2",1
"3493,2","3565,9","3515,1","3533,5",1
"3477,2","3553,5","3503,2",3529,1
3481,3543,"3495,8","3524,2",2
"3547,2","3537,7","3498,1","3521,6",1
"3603,8",3534,"3502,4","3522,5",1
"3621,6","3541,7","3505,4","3524,4",2
"3651,3","3565,5","3517,1","3525,4",1
"3668,4","3591,8","3528,5","3528,5",1
"3661,1","3618,1","3544,1","3532,9",1
"3647,5","3639,4","3558,8","3537,2",2
"3697,6",3661,"3579,8","3543,6",1
"3749,8","3681,1",3596,"3551,9",1
"3754,1","3698,9","3609,9",3559,1
"3762,5","3712,8","3621,2","3563,7",0
"3740,1","3719,4","3629,2","3567,8",2
"3746,7","3737,3","3639,7","3573,1",0
3754,"3749,8","3644,4","3577,7",0
"3679,4","3732,1","3644,1","3580,2",1
"3624,7",3714,"3646,1","3581,5",1
3616,"3692,6","3651,6","3584,6",1
"3604,3","3668,8","3657,2","3588,3",2
"3630,4","3661,3","3666,9","3593,9",1
"3655,5","3642,8","3674,6",3598,0
"3610,2","3620,2","3673,2","3599,1",0
"3549,3","3605,6","3669,2","3598,5",1
"3539,7","3595,9",3665,3597,0
"3522,2","3578,8","3656,3","3593,6",0
"3470,7","3557,7","3645,3","3589,1",1
"3462,6","3530,9","3636,4",3585,2
"3491,2","3510,8","3629,6","3581,4",1
"3497,2","3498,6","3616,4","3576,4",1
"3488,9","3493,5","3603,6","3572,1",2
"3557,3","3503,6","3596,7","3571,7",1
"3627,6","3523,7","3590,1","3573,3",2
"3651,8","3555,4","3587,9","3576,3",1
"3678,5","3585,3","3583,3","3578,5",0
"3664,3","3604,8","3578,9","3582,7",2
"3660,5",3632,"3581,4","3587,4",2
"3699,7","3665,1","3586,4",3595,1
3724,"3679,6","3592,2","3602,6",2
"3746,5",3699,"3600,6","3611,3",1
"3770,8","3713,6","3606,2","3618,3",1
3765,"3723,7","3611,6","3623,7",1
3746,3737,"3619,8","3627,7",1
"3729,2","3743,4","3629,6",3631,2
3755,"3752,8","3641,3","3635,4",1
"3786,2","3761,1",3656,"3638,4",0
"3759,7","3756,5","3670,2","3640,4",1
"3722,8","3747,4",3682,3643,2
"3746,5","3751,3","3695,8","3648,6",1
"3774,3","3755,5","3709,7","3654,2",1
"3764,3","3761,3","3723,3","3660,1",1
"3749,7",3754,3729,3665,1
"3726,2","3744,1","3733,1","3667,3",1
"3703,6",3738,"3734,1",3669,0
3671,"3729,3","3732,4","3669,2",2
"3690,9","3722,1","3736,8","3670,6",2
"3748,4","3721,9","3741,2","3672,5",1
"3767,7","3723,1","3743,6","3674,8",1
"3766,8","3726,8","3745,5","3677,2",1
"3765,8","3734,4","3745,5","3677,6",1
"3758,7","3742,5","3744,3","3677,6",2
"3788,6",3768,"3747,9","3678,9",1
"3823,8","3780,5",3752,3680,1
"3823,3","3789,4","3757,3","3682,3",1
"3830,9","3798,6","3759,6","3683,4",1
"3820,8","3804,8","3760,8","3684,9",1
"3817,7","3813,4","3765,4","3688,9",2
"3853,2","3831,9","3773,8","3694,1",1
"3873,4","3837,6","3778,1","3699,2",1
"3869,3","3844,9","3783,3","3704,7",1
"3861,3","3848,5","3787,8","3708,5",0
"3834,2","3845,8","3791,7","3711,8",1
"3825,3","3849,7","3797,7","3717,1",1
"3834,2","3850,5","3804,8","3723,2",1
"3837,3","3845,2","3814,4",3729,1
"3853,4","3844,8","3821,1","3736,5",1
"3854,3","3840,9",3825,"3744,3",2
"3879,9","3850,1","3832,3","3753,2",1
"3916,8","3864,5","3839,9","3761,3",1
"3915,2","3875,8","3847,2","3769,9",2
"3929,7","3891,8",3857,3779,0
"3917,1","3898,6","3860,1","3784,3",1
"3877,9","3898,8","3862,5",3789,0
"3849,2","3897,1","3862,7","3792,2",2
"3847,7","3889,6","3864,1","3795,8",0
"3813,4","3867,6","3861,9","3798,1",1
"3777,4","3850,2","3860,1","3800,4",2
"3830,2","3839,1","3859,6","3803,3",1
"3864,1","3835,1","3859,2",3806,0
"3839,5","3828,2","3856,6","3807,1",0
"3771,7","3812,9","3850,2","3806,1",1
3736,"3796,3","3846,8","3805,9",1
3754,3796,"3843,1","3806,4",0
"3744,5","3786,9","3837,8","3806,5",0
"3682,8","3753,9","3827,6","3803,5",1
"3623,7","3718,2","3814,9",3800,2
"3639,9","3696,8","3806,2","3798,7",2
"3708,2","3700,1","3797,7","3799,4",1
"3748,8","3700,5","3789,4","3798,8",1
"3749,9","3698,9","3781,2","3798,5",2
"3779,9","3710,6","3774,4","3799,4",1
"3821,2","3738,4","3771,6","3801,3",1
3845,"3773,8","3771,1","3804,2",1
"3857,7","3800,7","3772,4","3807,5",2
"3874,9","3821,4","3773,8","3812,3",1
"3897,7","3843,2","3780,9","3815,8",1
"3891,5","3861,9","3785,3","3818,1",1
"3884,3",3873,"3786,3","3820,4",1
"3877,9","3878,1","3786,6","3822,5",1
"3876,2","3881,9","3789,9","3824,8",2
"3906,3",3892,"3800,1","3828,4",1
"3923,6","3895,9","3808,7","3830,2",1
"3915,5","3897,1","3816,2","3832,1",1
"3905,9",3900,"3824,8","3833,5",0
"3881,3","3896,2","3836,1","3834,1",1
"3860,5",3895,"3848,5","3835,1",2
"3874,7","3895,8","3859,6","3836,4",0
"3870,7","3884,8","3864,8","3835,8",0
"3827,8","3868,4","3867,5","3834,5",2
"3852,8","3866,9","3875,1","3835,2",1
"3908,4","3869,1","3880,3","3836,4",1
"3910,3","3875,2",3884,"3838,2",1
"3904,5","3881,7","3886,3","3839,6",0
3885,"3878,1","3886,7","3840,2",0
"3833,8","3871,2","3882,2","3839,5",2
3832,"3879,4","3880,1","3839,4",2
"3903,5","3885,7","3883,4","3841,4",1
3960,"3894,1","3887,7","3842,6",1
"3979,1","3905,3","3893,5","3843,9",1
"3979,3","3915,4",3898,"3845,2",2
3994,"3936,5","3902,3","3846,5",0
"3994,7","3961,4","3905,1","3848,3",1
"3970,8","3976,1","3907,8","3850,2",2
"3991,1","3986,5","3913,6","3853,9",1
"4025,3","3994,8","3922,2","3857,3",1
"4026,4",4000,"3930,2","3862,5",1
"4034,3","4010,5","3938,2","3867,6",1
"4054,3","4017,2","3948,6","3871,4",0
"4030,9","4020,9","3958,5","3874,3",1
"4003,9","4026,7","3963,7",3878,2
"4039,1","4034,6","3971,5",3885,1
"4069,6","4039,3","3979,6","3891,3",1
"4051,6","4041,7","3986,2","3896,9",1
"4041,9","4041,5","3995,3","3903,2",2
4069,"4045,9","4009,8","3912,3",1
"4099,5","4061,1","4022,1","3922,3",1
"4099,5","4073,3","4029,4","3930,7",1
"4092,9","4076,5","4035,4","3937,7",1
"4098,2","4081,4","4041,3","3944,7",1
4099,4090,"4047,3","3951,6",1
"4103,5",4099,"4052,2","3957,6",2
"4130,8","4107,7",4061,3964,1
"4151,8",4114,"4070,3","3969,9",1
"4154,7","4123,4","4077,3","3975,9",0
"4127,3","4123,8","4080,5",3980,0
"4073,8","4116,5","4082,1","3982,9",0
"4031,7","4104,6","4080,3","3985,6",1
"4011,4","4090,2","4077,8",3988,2
4040,"4078,6","4081,2","3992,1",2
"4090,4","4072,6","4086,4","3996,6",0
"4088,8","4059,8","4086,1","3999,4",0
"4050,7","4050,7","4084,5","4001,7",1
"4047,5","4052,2","4085,7","4004,7",0
"4040,5","4053,3","4084,4","4007,1",1
"4005,3","4050,5","4079,4","4009,6",1
"4003,2","4042,7","4074,7","4012,8",1
"4004,9","4026,1","4069,9","4014,8",1
"3978,9","4011,3","4063,3","4017,1",0
"3946,3","3996,3","4054,7","4019,6",0
"3903,4","3970,2","4043,8","4019,1",0
"3829,4",3936,"4027,3","4016,4",0
"3738,7",3894,"4004,6","4012,2",2
"3741,4","3861,2","3986,3","4009,9",1
3799,"3835,2",3969,"4008,8",2
"3858,1","3826,7","3959,3","4010,9",1
"3898,6","3821,5","3951,5","4011,5",1
"3903,2","3826,6","3946,5","4010,8",2
"3941,3","3853,5","3944,5","4010,7",1
"3970,6","3892,9","3939,6","4010,5",1
"3974,7","3920,1","3932,9","4010,5",1
"3982,4","3945,3","3928,9",4010,2
"4006,1","3962,4","3928,4",4011,0
"4006,8","3976,2","3924,8","4011,5",2
4022,"3996,3","3926,6","4012,2",1
"4048,8","4006,9","3929,2","4012,4",1
"4042,3","4016,8","3930,5","4012,9",1
4045,4027,"3933,2","4012,8",1
"4038,2","4032,8","3936,4","4012,2",2
"4045,1","4038,1","3943,1","4013,4",1
"4050,3","4045,2","3951,1","4014,1",0
"4007,7",4034,"3960,9","4012,2",1
"3991,4","4028,8","3976,4","4010,9",0
"3988,3","4018,6","3985,6","4009,6",1
"3972,4","4008,1","3993,7","4008,2",0
"3927,9","3987,1","3992,6",4004,1
"3894,9","3965,2","3993,4",4000,2
"3956,6","3960,3","3997,9","3998,3",1
"4013,3","3966,8","4000,6","3996,8",1
"4033,6","3972,4","4004,2","3995,7",1
"4056,5","3986,3","4008,7","3995,1",2
"4086,3","4004,9","4014,6",3995,1
"4105,9","4037,1","4018,7","3994,1",1
"4107,8","4065,7","4024,7","3993,2",1
"4102,8","4078,9","4026,8",3992,0
4070,"4081,9","4026,8","3990,9",0
4024,"4076,2",4025,3990,2
"4031,4","4074,8","4025,5","3990,9",0
"4032,6","4060,8","4024,4","3990,9",2
"4029,9","4053,1","4023,9","3990,5",1
"4055,3","4045,8","4024,9","3989,5",0
"4040,7","4035,3","4027,3","3988,6",1
"4021,1","4031,8","4027,9","3988,3",1
"4004,3","4029,7","4028,9","3986,9",0
"3965,7","4013,1","4027,2","3985,3",2
"3959,8","4008,9",4032,"3985,1",2
"4002,9","4005,3",4038,"3985,3",0
"4009,3","3995,7","4037,3","3985,2",0
"3948,9","3979,1","4031,6","3984,1",1
"3911,9","3964,6","4025,2","3983,9",1
"3922,9","3955,9","4018,2","3984,9",1
"3923,1","3952,4","4008,8","3987,6",2
"3934,1","3948,5",4001,"3992,7",1
"3946,8","3936,3","3992,7","3995,8",2
"3974,4","3938,6","3988,2","3999,7",0
"3985,6","3946,8","3984,3","4000,9",0
"3927,3",3943,"3978,5","4000,9",1
"3890,3","3937,5","3970,2","4000,4",1
3877,"3929,8",3963,"3998,3",1
"3867,7","3918,5","3953,9","3996,3",0
3855,"3903,6","3942,9","3993,5",2
"3858,3","3885,3","3935,7","3991,3",0
"3841,9","3862,5",3925,"3986,9",1
"3806,4","3850,8","3915,9","3983,3",2
"3836,1",3847,"3912,1","3979,5",0
"3835,7",3839,"3903,5","3974,8",1
"3799,6","3827,6","3891,7","3969,8",2
3808,"3825,5","3883,4","3965,3",1
"3811,7","3814,3",3878,"3960,7",2
"3838,4","3824,5",3876,3957,1
"3874,2","3833,7","3873,1","3953,7",0
"3829,6","3822,7","3866,7","3949,9",1
"3786,3","3819,5","3858,4","3945,5",1
"3790,7","3820,1","3851,1",3942,2
"3824,2","3824,2","3843,3","3939,5",2
"3888,1",3842,"3841,3","3940,4",2
"3953,2",3857,"3845,9","3941,9",1
"3994,8","3876,4","3851,8","3941,9",1
"4005,3","3907,2","3858,7","3941,6",1
"3991,1","3934,9","3864,1","3940,2",1
"3970,1","3958,5","3870,3","3938,1",1
"3970,7","3976,7","3875,3","3935,6",0
"3946,8","3975,2","3880,8","3931,7",0
"3860,5","3950,3","3880,7","3925,7",0
"3790,2","3916,8","3876,2","3919,2",1
"3783,1","3886,8","3875,5","3914,2",0
"3772,3","3854,2","3873,4","3909,2",1
"3738,9","3820,7","3868,6","3902,5",0
"3688,7","3773,7","3861,1","3895,4",2
"3672,8","3742,4",3852,"3888,3",2
"3724,8","3734,9","3846,2","3882,2",2
"3785,7","3741,2","3847,6","3878,1",1
"3829,7","3748,2","3850,5","3874,5",1
"3827,8",3757,"3851,3",3871,1
"3800,4","3765,8","3848,1","3867,9",0
3761,"3777,7","3838,6",3863,1
"3723,4","3780,2","3825,2","3856,7",0
"3692,7","3768,5","3808,4","3850,4",0
"3630,4","3735,9","3787,7",3844,0
"3555,4","3690,2","3764,9","3836,1",0
"3486,1","3638,2","3739,3","3826,5",0
"3384,9","3571,4","3706,3","3814,6",0
"3299,5","3506,4","3674,5","3801,1",0
"3201,9","3422,5","3640,4","3784,8",2
"3150,7","3351,5","3610,6","3768,2",0
"3089,6","3267,9","3571,1",3749,2
"3046,3","3206,1",3538,3733,2
"3151,8","3172,4","3512,4","3719,4",1
"3226,5","3160,8","3491,8","3706,9",1
3235,3154,"3468,6","3694,1",1
"3242,6","3172,4","3443,6","3682,4",0
"3165,2","3158,1","3406,5","3666,4",0
"3046,5","3160,1","3365,2","3650,6",2
"3034,2","3154,7","3327,2","3635,5",2
"3067,9","3136,2",3292,"3619,9",2
3112,"3121,9","3262,3","3606,5",1
"3129,3",3106,"3232,6","3593,1",0
"3103,3","3082,1","3203,3","3578,4",2
"3120,9","3093,3","3181,6","3565,4",1
3157,"3113,7","3163,5","3551,1",2
"3208,3",3143,"3153,8","3538,8",1
"3261,3",3169,"3151,1","3528,4",0
"3207,2","3170,2","3144,6","3515,6",0
3074,"3153,2","3138,3","3499,7",0
"2982,6","3135,7","3127,8",3482,2
"3019,4","3124,2","3131,3",3465,1
"3079,5","3113,6","3131,1",3447,0
"3030,2","3073,3","3119,2","3426,4",0
"2914,7","3014,6","3099,9","3403,4",2
"2874,9","2978,4","3083,1","3381,7",2
2922,"2971,2","3067,9","3361,5",2
"2997,4","2982,6","3066,4","3342,8",1
"3038,4","2976,6","3067,1","3325,1",0
"2985,5","2955,7","3061,5","3307,8",2
2962,"2957,1","3056,5",3292,0
"2959,9","2968,7","3046,3","3274,9",0
"2858,8","2952,5","3029,4","3255,5",1
"2795,9","2932,6","3015,6","3237,2",2
"2834,7",2906,"3000,8","3221,3",2
"2941,4","2904,9",2994,"3207,9",1
"3009,5","2912,9","2980,9","3192,7",2
"3011,6","2919,1",2969,"3176,9",0
"3004,8","2925,7","2960,7","3159,7",0
"2954,4","2946,4","2957,1",3142,0
"2888,7","2952,2","2951,3","3123,2",2
"2912,2","2968,6","2946,3",3108,2
"3024,6",2976,"2945,8","3095,3",1
"3085,5","2990,3","2951,9","3083,8",2
"3128,5","3009,4","2967,2","3075,2",1
"3157,5","3033,9","2980,1","3067,8",2
"3191,6","3077,2","2994,2","3063,4",0
"3208,4","3125,2","3001,2","3060,8",2
"3202,4","3160,1","3010,6","3059,6",0
3192,3173,"3021,9","3060,4",1
"3153,6","3179,5","3029,7","3059,7",1
"3149,2","3178,9","3040,8","3062,8",0
"3120,7",3169,"3055,9","3062,7",2
"3127,7","3160,7",3074,"3061,8",2
"3195,9","3165,5",3092,"3061,4",0
"3197,4","3159,2","3099,6","3060,3",1
3172,"3159,7","3108,3","3058,6",2
"3269,1","3192,2","3125,3","3064,5",1
"3358,6","3219,6","3143,7","3071,1",0
"3295,7","3242,3","3159,5","3074,9",0
"3155,6","3227,5","3170,4","3074,6",2
"3089,5","3211,8","3177,2",3074,2
3153,"3214,9","3183,2","3075,5",0
"3159,5","3208,3","3184,6","3076,3",1
"3113,6","3170,4","3181,7","3075,3",2
"3123,5","3141,1","3181,2","3074,9",0
"3109,2","3117,1","3173,5","3071,3",1
3070,"3116,6","3167,4","3067,3",2
"3107,1","3122,2","3163,9","3067,3",0
"3129,2","3109,8","3161,1","3069,5",0
3079,"3099,2","3156,5","3071,1",1
3057,"3093,7","3151,9",3071,0
"3037,6","3074,7","3148,2","3069,5",1
"3003,7","3063,5","3139,4","3069,9",0
2946,"3039,2","3123,2","3070,7",1
"2882,8","2999,4",3108,"3070,2",0
"2846,6","2958,5","3090,6","3067,7",1
"2822,3","2926,1","3063,3","3063,2",2
"2839,6","2896,4","3038,7","3059,8",2
2935,"2896,7","3027,2","3061,2",1
"3019,8",2901,"3025,2","3062,1",2
"3090,7","2938,1","3027,4","3066,4",1
"3142,3","2975,1","3024,1","3073,4",2
"3147,5","3024,1","3026,2","3080,5",2
"3183,1","3078,2",3031,"3087,3",1
"3190,5","3124,3","3032,9","3090,5",1
"3177,8","3147,6","3037,9","3094,1",0
"3135,7","3157,4","3039,4","3095,4",2
"3133,9","3159,9","3040,6","3099,2",0
3131,"3154,2","3039,6","3102,5",1
"3084,2","3141,9","3041,1","3107,1",0
"3027,4","3109,7","3036,6","3107,1",1
"2987,5","3083,9","3036,1","3105,6",1
"2985,5","3054,8","3034,8","3103,1",1
"2973,3","3037,4","3038,8","3099,4",2
"3014,8","3020,7",3048,"3097,4",1
"3042,9","3012,3","3058,4","3093,4",2
"3051,1","3011,3","3070,9","3091,1",2
"3086,9","3029,3","3083,2","3088,8",1
"3102,6","3044,2","3087,7","3087,5",0
"3087,1","3058,3","3089,9","3086,1",2
"3099,3","3080,2","3088,5","3085,5",2
"3143,7","3095,1",3090,"3087,1",2
"3191,1","3122,5","3092,9","3088,1",1
"3233,9","3147,3","3095,1","3088,6",0
"3219,5","3160,4","3095,8",3089,0
"3169,3","3166,4","3094,3","3088,5",1
"3141,1","3175,9","3096,3","3083,8",1
"3132,5","3175,9","3094,1","3079,4",2
"3169,2","3183,2","3100,2","3078,8",1
"3207,8","3180,7","3106,5","3081,5",1
"3202,4","3174,2","3117,7","3083,3",1
"3198,2","3174,6","3127,6","3083,3",1
"3210,7",3186,"3140,2","3085,3",2
"3247,5",3205,3155,"3088,7",1
"3267,5","3224,6","3165,5","3091,1",2
"3296,9","3241,5","3180,4","3096,2",1
"3325,2","3258,1","3192,9","3101,3",1
3330,"3277,9","3204,7","3105,1",1
"3330,5","3295,9","3215,7","3109,4",1
"3317,6","3308,4","3227,7","3114,6",2
"3337,9","3321,7","3239,5","3120,6",0
3341,"3329,4","3247,5","3126,8",0
"3292,2","3320,4","3249,6","3132,1",2
"3282,1","3317,1","3252,3","3140,2",2
3333,"3321,3",3261,"3150,2",1
"3372,1",3329,"3272,6","3161,2",2
"3402,3","3345,5","3287,1","3173,3",1
"3416,6","3351,5",3301,"3184,3",1
"3408,4","3364,7",3311,"3192,3",1
"3410,8","3385,3","3321,3",3200,1
"3417,4","3403,4","3332,5","3205,4",0
"3398,9","3404,2","3341,3","3210,2",1
"3378,8","3405,3","3349,3","3214,6",1
"3380,1","3397,8","3354,6","3218,1",1
3383,"3395,7","3360,9","3222,3",1
"3391,8","3393,1","3364,1","3226,7",2
"3416,4","3397,3",3370,"3233,5",2
"3456,1","3404,2","3376,7","3239,5",1
"3468,9","3417,3","3383,8","3247,1",1
"3456,3","3426,3","3390,6","3254,4",1
"3447,3","3436,5","3394,8","3263,9",1
"3457,2","3447,5","3402,2","3273,2",1
"3454,2","3454,4",3411,"3282,6",1
"3447,7","3456,4","3418,8","3292,2",1
"3453,2","3453,5",3423,"3300,1",2
"3476,1","3458,5","3429,2","3309,5",1
"3500,5","3466,2","3432,8","3318,1",1
"3494,4","3471,9","3436,9","3325,8",0
"3425,1",3457,"3434,5",3331,1
"3377,4",3450,"3433,6","3337,4",2
"3435,3","3453,4","3436,3","3344,4",1
"3482,9","3458,5",3442,3351,1
"3488,8","3457,1","3447,3","3356,4",2
"3520,1","3464,1",3456,"3362,5",1
"3557,3","3475,1","3464,7","3369,9",1
"3572,4","3506,2","3474,1","3378,6",1
"3587,5","3535,1","3481,8","3387,7",1
"3586,4","3549,3","3487,1","3396,7",0
"3554,4","3555,5","3490,4","3403,1",1
"3529,1","3560,8","3494,4","3409,6",0
"3499,9","3549,7","3495,6",3415,1
"3474,3","3537,1","3496,1","3420,6",1
"3489,1","3525,9","3499,1","3426,2",0
"3485,8",3508,"3499,9","3430,2",0
"3449,9","3486,9","3498,8","3433,5",0
"3405,6","3465,6","3492,8","3434,5",2
"3402,5","3450,8",3489,"3436,6",2
"3443,4","3449,4","3487,7",3439,0
"3434,8","3439,5",3490,"3440,7",0
"3360,1","3412,5",3486,"3440,7",1
"3316,6","3391,2","3478,1","3439,9",0
"3268,7","3360,8","3464,6","3437,9",1
"3227,6","3340,3",3452,"3437,3",2
"3253,7","3318,3","3437,9","3436,7",0
"3229,4","3279,2","3419,2","3433,1",1
"3197,2","3250,4","3400,4","3429,7",2
"3248,9","3247,4","3385,3",3427,0
"3266,4",3236,"3368,4","3423,7",0
"3207,2","3229,8","3350,6",3419,1
"3181,3","3222,8","3333,7","3414,5",0
"3143,5","3198,3",3315,3408,2
"3133,8","3195,5","3299,6","3403,9",2
"3201,4","3199,5","3286,2","3400,9",1
"3231,4","3190,5","3274,2",3398,2
"3247,8","3194,2",3266,"3395,5",0
"3239,5","3199,7","3257,6","3391,9",1
"3219,6","3205,1","3247,7","3387,6",1
"3224,8",3223,"3235,7","3382,6",0
"3192,7","3221,9","3223,5","3376,6",2
"3188,1","3219,2","3218,5","3371,9",0
"3169,5","3204,3","3208,8","3365,5",1
"3121,7","3183,2","3203,8","3358,5",1
"3124,4","3171,4","3198,4","3352,3",1
3130,"3157,6","3191,4","3345,8",0
"3093,9","3133,9","3184,9","3337,9",1
"3048,6","3116,4","3176,6","3328,7",1
3044,"3092,8","3164,4","3319,6",0
"3030,3","3076,6",3153,"3310,1",1
3010,"3060,8","3144,7",3303,1
"3017,6","3046,1","3136,6","3295,7",2
"3055,6","3039,6","3135,9","3287,8",0
"3043,7","3031,8","3127,6","3278,2",2
"3020,8","3031,6","3117,8","3269,1",1
"3043,1","3031,5","3108,7","3259,1",1
"3045,5",3036,"3097,6","3248,7",2
"3063,8","3046,9","3091,2","3238,7",0
"3050,1","3045,3","3080,6","3227,2",1
"3016,3","3035,7","3070,3","3215,9",0
"2983,7","3028,1","3059,7","3204,3",1
"2952,5","3016,2","3046,8","3192,9",2
"2970,3","3007,3","3039,8","3183,1",2
"3022,3","3009,5","3036,8","3174,8",1
"3064,8","3007,6","3033,9","3166,2",1
"3061,4","3012,8",3030,"3157,8",1
"3047,2","3016,4","3029,2","3150,1",1
"3044,8","3030,2","3029,6","3143,4",1
"3038,5",3041,"3028,7","3135,5",1
"3031,2","3047,6","3029,7","3126,9",2
3060,"3051,8","3033,7","3120,5",1
"3076,9","3051,1","3035,6","3115,6",2
"3092,1","3060,6","3037,3","3111,5",1
"3122,2","3072,5","3043,5","3109,7",1
"3120,4","3082,1","3047,3","3107,2",1
"3102,6","3090,8","3049,4","3103,7",0
"3056,3","3089,3","3048,3","3100,3",1
"3017,2","3078,6","3044,7","3096,5",2
"3037,9","3078,1","3047,1","3091,9",1
"3057,4","3068,7","3048,9","3088,1",2
"3124,2","3078,7","3061,2","3088,6",2
"3218,4","3096,7","3075,4","3089,6",2
"3255,7","3122,5","3089,7",3093,1
"3269,5","3157,6","3100,2",3095,0
"3248,6","3188,6","3108,1","3094,9",0
"3199,1","3203,7","3113,9","3093,7",1
"3162,8","3218,7","3119,6","3091,5",1
"3166,1","3215,6","3126,1","3090,8",1
"3166,3","3203,8","3132,4","3089,4",1
"3146,2","3184,4","3137,6","3087,6",2
3158,"3171,9","3142,2",3088,1
"3180,4","3164,9","3147,9","3087,3",1
"3178,4",3166,"3150,9","3088,4",2
"3206,2","3177,3","3156,3","3090,7",1
"3249,5","3189,9","3163,8","3093,4",0
"3228,8","3195,1","3168,9","3094,7",0
"3147,7","3190,3","3172,9","3095,5",1
"3088,1","3175,1",3176,"3096,2",1
"3078,2","3161,1","3176,9","3096,9",2
"3144,4","3165,4","3184,7","3100,8",2
"3243,7","3171,8","3188,9","3106,2",2
"3300,5",3180,"3192,9","3112,1",1
"3306,2","3193,9","3193,9","3116,3",1
"3306,6","3225,4","3196,6","3122,6",0
3277,"3247,9","3196,8","3126,5",2
"3303,3","3289,7","3207,1",3133,1
"3387,9","3317,5","3219,3","3140,2",2
"3427,4","3342,2","3233,2","3147,6",1
"3445,8",3359,"3247,2",3156,1
"3447,5","3382,6","3263,3","3164,8",1
"3446,2","3398,9","3276,1","3174,5",1
3431,"3426,6","3288,4",3184,1
"3438,3","3437,4",3302,"3193,3",1
"3449,7","3444,3","3312,7","3201,1",2
"3464,8","3448,1","3323,6","3209,3",1
"3484,4","3455,3","3338,3",3218,1
"3484,5","3458,7","3357,3","3226,8",2
"3496,9","3469,8","3379,2","3236,1",0
"3487,5","3474,8","3398,2","3244,7",1
"3447,1","3472,3","3409,5","3252,7",1
"3432,9",3470,"3417,1","3259,6",1
3448,"3467,5","3424,2","3267,6",0
"3447,2","3459,4","3431,2","3273,8",1
"3422,7","3449,9","3435,8","3279,6",0
"3396,5","3430,7","3443,2","3284,9",2
"3396,1","3423,7","3445,1","3291,3",2
"3433,4","3426,8","3447,7",3300,0
"3426,4","3421,9",3445,"3307,7",1
"3402,4","3413,7","3443,4","3314,5",2
"3457,8","3424,9",3446,"3323,7",1
"3514,5",3440,"3450,2","3330,2",1
"3512,6","3458,1","3454,2","3335,5",2
"3521,7","3475,8","3458,5","3340,8",1
"3540,5","3488,7","3463,3","3346,3",0
"3522,9","3503,4","3464,3","3351,8",2
"3541,8","3528,5",3469,3360,1
"3567,6","3534,8","3472,7",3368,0
"3533,2","3533,9","3472,6","3374,7",1
"3522,3","3537,6","3476,1","3382,2",1
"3520,9","3533,7",3480,"3389,7",1
"3520,3","3531,8","3484,9","3396,7",0
3514,"3531,1","3486,6",3403,1
"3505,5","3521,4","3490,7","3409,8",0
"3464,3","3501,6","3490,8","3413,4",1
"3427,1","3491,1","3493,8","3416,9",0
"3397,1","3465,8","3490,9","3420,1",2
"3394,9","3455,1","3489,9","3426,8",1
"3424,6","3438,5","3490,7","3433,6",1
"3410,1","3425,4","3490,7",3440,1
"3403,6","3409,3","3485,3","3443,9",2
"3429,1","3415,4","3482,2","3447,5",0
"3431,8","3410,7","3477,2","3449,2",1
"3394,7","3414,7","3469,5",3451,1
"3374,3","3404,8","3460,6","3451,9",2
"3389,8","3404,7","3456,1","3455,5",1
"3401,4","3402,3","3446,5","3455,8",2
"3404,7",3405,"3439,8","3456,2",2
"3460,6","3411,3","3439,3","3457,1",1
"3514,2","3428,6",3439,"3458,9",1
"3531,3","3450,4","3440,3","3460,5",0
"3519,9","3470,2",3439,"3461,9",1
"3493,9","3480,1","3438,3",3463,0
"3444,9","3482,6","3432,9","3462,1",1
"3416,5","3483,5","3433,5","3461,7",1
3419,"3470,7","3432,1","3460,3",1
"3423,3","3457,5","3436,1","3459,2",1
3422,"3439,5","3434,8","3457,8",2
"3434,2",3433,"3437,1","3456,7",0
"3444,4","3425,3","3438,3","3456,1",2
"3452,3","3435,2",3442,"3456,9",1
"3483,9","3444,6","3443,7","3458,1",0
"3470,5","3449,9","3445,8","3457,8",2
"3463,6","3456,1","3450,6","3458,8",0
"3444,1","3456,2","3452,8","3458,7",1
"3408,6","3448,8","3452,5","3459,3",1
"3415,6",3448,"3454,2","3459,5",1
"3417,6","3438,9","3453,8","3458,6",1
"3421,1",3430,"3450,3","3459,3",0
"3415,3","3423,1","3443,9","3459,1",1
"3391,2","3409,4","3436,3","3456,6",0
3362,"3399,6","3428,1",3453,2
"3390,6","3404,2","3425,9","3451,7",1
"3450,8","3409,7","3428,7","3450,2",1
"3469,7","3419,1","3431,3","3448,9",1
"3487,8","3428,7","3435,6","3448,8",2
"3513,5","3447,1","3440,3","3447,7",1
"3514,9","3464,1","3444,9","3446,7",1
"3501,5",3487,3447,"3446,5",1
"3508,7","3497,8","3451,3","3446,1",2
3542,"3513,1",3456,"3447,3",1
"3563,1","3524,5","3459,2","3447,9",1
"3561,9","3534,3","3465,1","3449,2",1
"3573,5","3541,6","3470,2","3450,6",1
"3585,5","3554,4","3479,3","3454,1",1
"3596,1","3568,7",3489,"3457,3",1
"3603,6","3581,6","3498,1","3462,4",1
"3608,9","3587,7","3508,1","3465,9",2
"3629,1","3600,4","3518,9","3470,5",1
"3646,4","3611,9","3531,2","3475,3",1
"3644,9","3620,8","3544,2","3480,2",1
"3643,2","3628,4","3559,3","3483,9",1
"3640,7","3633,6","3569,3","3488,5",1
"3643,4","3639,7","3578,6","3493,9",1
"3656,6","3647,2","3587,9","3499,8",1
"3665,7","3650,2","3596,4","3504,9",1
"3664,1","3652,3",3603,"3510,3",1
3657,"3653,6","3610,6",3515,1
"3663,4",3658,"3619,2","3518,5",0
"3647,3","3655,5","3624,4","3520,3",1
"3630,7","3654,4","3628,1","3522,4",2
"3687,5","3664,3","3636,9",3527,1
"3727,6","3672,1","3644,6","3531,8",1
"3725,6","3681,9","3652,1","3538,2",1
"3717,3","3689,3","3657,8","3543,8",1
"3705,3","3693,9",3663,"3549,7",1
"3711,7","3707,7","3668,6","3555,3",1
"3710,3","3716,6","3673,2","3561,2",1
"3704,6","3712,6","3676,1","3566,2",1
"3707,1","3710,8","3679,2","3571,7",1
"3702,8","3706,1","3681,9","3576,2",1
"3702,9","3706,7","3685,2","3580,5",2
"3726,3","3712,1","3690,5","3586,4",1
"3742,8","3715,6","3695,1","3591,7",1
"3752,3","3724,1","3700,1","3598,7",1
3752,"3729,1","3703,8","3605,4",1
"3733,6","3731,7",3707,"3611,5",1
"3739,2","3739,5",3712,"3618,3",1
"3765,2","3749,5","3717,2","3625,2",1
"3779,5","3754,7","3725,2","3632,8",1
"3783,4",3761,"3732,5","3640,9",1
"3775,7","3761,4",3734,"3649,4",0
"3749,1","3760,2","3734,6","3655,2",2
"3753,1",3767,"3736,8","3661,5",0
"3716,7","3753,8","3734,6","3665,1",2
"3677,3","3741,9",3734,"3669,1",0
"3668,8","3722,1","3730,3","3671,3",0
3622,"3695,7","3725,2","3673,3",2
"3625,3","3679,2","3722,3","3676,3",1
3650,"3667,5","3719,5",3679,2
"3668,6",3655,"3718,9","3681,3",1
"3692,6","3660,5","3718,4","3684,2",1
"3684,1",3657,"3714,7","3686,2",1
3665,"3659,5","3710,6","3687,8",1
"3663,7","3668,9","3705,8","3689,4",2
"3701,4","3681,2","3705,6",3692,1
"3722,9","3689,7","3704,8","3694,1",0
"3667,3","3680,9","3698,4","3694,4",2
"3665,5",3682,"3694,8","3695,6",1
"3713,8","3689,4","3691,8","3697,1",0
"3671,6","3683,9","3683,6","3696,7",2
"3656,7","3687,4","3679,9","3697,6",2
"3707,2","3685,5","3679,4","3699,3",1
"3711,5","3684,1","3675,8","3700,3",1
"3704,8","3696,2","3678,3","3701,2",2
"3748,5","3707,8","3682,9","3703,7",1
"3780,5","3715,3","3689,4","3705,9",1
"3783,8","3739,8","3699,1","3708,7",2
3817,"3761,1","3708,6",3712,1
"3838,2","3777,3","3717,9","3716,4",1
"3838,1","3797,3","3725,5","3720,3",1
3838,"3815,3","3732,4","3722,4",2
"3853,8","3827,4","3742,5","3725,4",1
"3857,8","3837,4","3751,7","3727,7",1
"3834,8","3841,9","3759,6","3730,1",0
"3800,6","3832,7","3761,6","3731,5",2
"3802,7","3831,8","3767,6","3733,7",0
"3802,2","3822,5","3775,1","3735,2",1
"3772,6","3813,1","3778,3","3736,4",0
"3749,1","3792,6","3778,6","3736,8",1
"3738,3","3778,9",3785,"3737,9",0
"3730,1","3762,7",3786,"3737,9",1
"3721,5","3756,3","3786,4","3737,7",2
"3768,4","3752,9","3791,7",3739,0
"3780,2",3750,"3793,9","3738,8",1
"3740,6","3743,7","3790,9","3738,5",0
"3694,8","3734,5","3785,4","3737,2",1
"3665,1","3722,8",3779,"3735,5",1
"3668,8",3717,"3770,5","3733,4",2
"3707,2","3718,7","3765,9","3732,6",2
"3759,7","3714,5","3762,7","3732,4",0
"3752,5","3710,8","3757,4","3731,7",1
"3719,9","3708,6","3749,3","3731,3",1
"3698,1","3711,8","3741,4","3729,5",0
"3642,5","3702,1","3730,1","3728,3",1
"3599,3","3691,9","3721,3","3726,4",2
"3625,7","3678,8","3712,4","3726,6",1
3652,"3661,2","3706,3","3727,6",2
"3717,6","3668,9","3706,9","3730,3",2
3813,"3687,8","3712,6","3734,1",1
"3841,7","3709,9","3717,2","3737,2",0
"3825,3",3740,"3722,2","3739,4",2
"3839,4","3778,5",3729,"3743,4",1
"3862,7","3807,7","3731,6","3747,3",1
"3857,8","3837,2","3736,8","3751,2",2
"3885,9","3855,8","3746,1","3754,7",1
3910,3865,"3758,3","3758,7",1
"3914,2","3876,5",3771,"3764,6",2
"3938,8","3897,4","3785,3","3769,6",1
"3942,4",3906,"3794,5","3773,7",1
"3941,2","3919,8","3803,4","3780,4",1
"3949,5","3932,2","3814,2","3785,4",1
"3955,6","3939,8",3827,"3790,3",1
"3974,1","3950,5","3841,8","3795,9",1
"3980,7","3958,8","3860,8","3801,3",1
"3990,2","3965,2","3880,9","3805,6",1
"4012,1","3978,6","3899,5","3810,6",1
"4029,5","3990,4","3918,7","3815,4",1
"4043,6","4005,5","3932,1","3819,7",0
"4009,1","4005,7","3938,3","3822,3",1
3962,"4002,1","3944,1","3824,6",2
3976,"4004,4","3953,4","3827,8",2
"4022,9","4011,4","3962,5","3831,4",0
"4012,3","4004,4","3968,3",3834,1
"3985,2","3998,7","3975,2","3837,4",0
"3972,5","3984,1",3977,"3840,9",1
"3934,6","3977,5","3977,7","3842,7",1
"3923,3",3973,"3977,9","3845,7",0
"3889,1","3952,6","3972,7","3847,3",0
"3833,4","3918,9",3967,"3849,1",2
"3843,4","3904,4","3962,9","3851,5",1
"3868,5","3885,5","3958,9","3854,6",0
"3837,5","3865,8","3951,1","3856,2",1
"3802,1","3847,7","3941,7",3856,1
"3795,8","3829,4","3932,6","3856,8",1
"3801,6","3822,7","3922,8","3858,4",2
"3834,4","3829,7","3914,9","3862,4",1
"3862,1",3828,"3906,1","3866,3",1
"3849,9","3824,4","3895,5","3869,6",0
"3769,1","3808,5","3882,1","3868,7",0
"3678,5","3789,1","3867,1","3866,4",0
"3626,8","3760,2","3847,2","3863,7",2
"3622,7",3738,"3827,1","3862,5",2
"3687,9","3718,3","3814,7","3863,3",2
"3744,1","3704,3",3803,"3866,6",1
"3750,6","3689,9","3792,5","3869,4",1
"3753,2","3699,7","3784,9","3871,7",1
3755,"3711,8","3775,7","3873,5",0
"3722,3",3727,"3768,2","3871,9",2
"3755,7","3749,8","3767,9","3871,2",0
"3781,6","3753,8",3762,"3869,5",2
"3788,8","3762,6",3760,"3869,7",1
"3833,7","3777,5","3761,6","3869,2",1
3842,3788,3764,"3868,9",1
"3854,8",3806,"3767,5","3869,1",1
3862,"3827,9",3770,3868,1
"3866,8","3837,8","3770,8","3867,4",1
"3864,8","3851,7","3770,3",3866,1
"3861,5","3858,5","3771,9","3864,3",2
"3899,9","3870,6","3783,4","3864,3",1
"3926,6","3882,7","3796,7","3863,7",1
"3932,6","3892,8","3813,9","3863,6",1
"3931,5","3902,5","3827,6","3862,7",2
"3942,9","3914,6","3839,4","3862,4",1
"3959,4","3929,6","3849,1","3861,9",1
"3962,4","3943,4","3860,6","3861,2",1
"3968,9","3949,3","3870,7","3860,2",1
"3977,8",3958,"3882,9","3859,2",1
"3989,7","3965,6","3897,4",3858,2
"4017,7","3982,7","3909,1","3859,5",1
"4044,2","3994,5","3923,7","3861,3",1
"4047,8","4007,9",3935,"3862,4",1
"4041,3",4017,"3944,5",3862,1
"4035,5",4027,"3954,4","3863,3",1
"4051,4","4038,1","3964,1","3864,7",1
"4070,4",4050,"3975,2","3867,2",1
"4074,1","4054,2","3984,8","3870,3",1
"4082,1","4060,9","3996,9","3873,6",1
"4103,4",4070,4009,"3878,8",1
"4103,7","4078,7","4017,3","3884,4",2
"4108,5","4090,9","4027,2","3889,4",0
"4103,9","4093,7","4034,4","3893,8",0
"4056,5","4086,9","4039,7","3898,2",1
4022,"4078,8","4042,3","3902,6",2
"4037,1","4074,1","4047,5","3907,8",1
"4064,3","4067,7","4052,5","3913,1",1
"4068,3","4063,9","4057,4","3917,2",0
"4017,9","4041,8","4056,5","3919,4",1
"3964,6","4024,1","4054,9","3921,8",1
"3973,4","4018,1","4052,1","3927,5",0
"3960,1","4006,4","4046,5",3933,2
"3969,9","3998,8","4044,3","3941,3",0
3990,"3985,2","4041,4","3947,7",1
"3977,2","3972,8","4038,5","3952,8",1
"3993,6","3978,3","4035,6","3957,7",2
4028,"3990,9","4034,3","3963,9",1
"4044,8","3998,7","4032,7","3969,4",2
"4078,5","4024,8","4033,9","3976,9",1
"4117,9","4040,9","4034,1","3985,2",1
"4112,9","4059,9","4034,8","3991,1",1
"4110,6",4079,"4034,3","3998,4",2
"4133,4","4099,8","4037,7","4004,9",1
"4148,9","4113,6","4043,6",4011,1
4158,"4132,1","4051,3","4017,6",2
"4188,2","4144,9","4058,7","4024,3",1
"4204,9",4157,"4065,4","4031,3",0
"4187,9","4166,3","4070,6","4037,1",1
"4183,8","4177,9",4082,4044,1
"4195,5","4184,1","4093,7","4050,5",1
4191,4190,"4103,8","4055,7",1
"4186,7","4192,3","4116,4","4060,9",0
"4165,1","4183,4","4123,3",4065,2
4170,"4182,4","4134,4","4070,5",0
"4177,4","4180,4","4143,3","4074,4",0
"4143,1","4170,7","4149,3","4077,8",2
"4146,1","4166,3","4155,1","4081,7",1
"4164,9","4163,3","4161,4","4085,6",0
"4149,6","4155,6","4162,2","4088,6",1
"4130,3","4153,3","4162,6","4091,3",2
"4172,6","4156,4","4168,2","4094,8",1
4219,"4165,2","4173,5","4098,3",1
"4221,5","4178,8",4177,"4101,7",2
"4239,5","4191,9","4182,5","4106,2",1
"4249,9","4203,1","4186,2","4110,3",1
"4241,7","4218,2","4187,9","4113,8",2
"4262,8","4240,9",4192,4118,1
"4281,5","4249,3","4197,2","4122,1",1
"4286,2","4260,1","4202,2","4126,2",0
4278,"4265,5","4205,5","4129,1",1
"4268,2","4268,3","4209,9","4132,7",1
4274,"4272,4","4214,2","4135,7",1
4262,"4274,1","4219,6","4139,1",1
"4264,9",4273,"4223,7",4144,1
"4276,1","4272,6","4229,5","4149,2",1
4287,"4273,2","4238,1",4154,1
"4286,5",4275,"4243,5","4158,1",1
"4280,9","4276,8","4249,7","4162,5",0
4271,"4274,1","4255,7","4168,2",2
"4270,1","4279,2","4263,7","4174,8",1
4284,"4279,6","4266,8","4180,7",1
"4270,7","4277,6","4268,8","4187,2",1
"4275,3","4276,2","4272,2","4192,9",1
4277,"4274,9","4272,6","4198,7",1
"4251,9","4267,9","4272,4","4203,9",2
"4261,9","4272,3","4274,6","4209,4",1
"4288,1","4273,1","4274,9","4214,3",1
"4306,5","4278,7","4277,1","4219,9",0
"4296,5","4280,4","4275,9",4223,1
"4270,3","4277,3","4276,3",4226,1
"4261,1","4275,9","4275,2","4228,9",1
"4266,2","4281,4","4275,5","4232,2",1
"4290,3",4284,"4278,1","4235,2",1
"4289,8","4281,9",4278,"4237,8",1
"4285,3",4278,4279,"4240,3",1
"4297,7","4282,3","4279,1","4242,2",1
"4298,8","4286,1","4280,2",4244,1
"4290,5","4290,7","4280,1","4246,3",0
"4229,1","4275,5",4276,"4245,8",1
"4160,5","4253,6","4269,1","4244,9",0
"4124,2","4228,2","4260,1","4243,2",1
"4114,6","4204,8","4253,5",4242,1
"4131,7","4180,8","4245,7","4241,8",0
"4112,6","4151,6","4237,1","4239,7",1
4089,"4123,2","4229,4","4238,3",1
4078,"4108,4","4218,7","4237,1",1
"4064,4","4095,7",4207,4235,2
"4089,8","4098,6",4197,"4234,1",0
"4094,3","4089,9","4186,8","4232,8",2
"4089,1","4086,4","4178,9","4232,5",2
"4143,3","4098,7",4175,"4231,7",1
"4185,4",4114,"4170,8","4231,1",1
"4204,5","4134,8","4166,5",4231,1
"4216,9","4157,5","4163,5","4230,2",2
4248,4180,"4162,7","4230,9",1
"4276,7","4209,6","4161,4","4231,6",1
"4285,8","4236,3","4161,4","4231,8",0
"4261,6","4243,4","4158,5","4230,8",1
"4237,5","4251,1","4162,3","4229,9",1
"4237,6","4252,9","4166,2","4229,2",2
"4245,1","4259,2","4174,4","4228,9",1
"4261,8","4256,8","4180,9","4228,7",0
"4243,1","4249,6","4185,5","4228,2",1
"4237,9","4243,1","4193,5","4227,6",1
"4256,9","4248,3","4202,3","4227,4",1
"4268,7","4252,1","4212,5","4226,9",2
"4303,1",4267,"4226,2","4228,1",1
"4325,7","4275,1","4236,1","4228,7",1
"4323,4","4284,6","4249,1","4230,2",1
"4325,2","4298,5","4259,7","4230,9",1
"4323,4",4309,"4267,1","4231,8",1
"4324,4","4317,8","4273,6","4233,1",0
4303,"4318,8","4276,9","4232,9",0
"4221,2","4294,4","4274,1","4230,8",1
4153,"4269,5","4267,4","4228,9",2
"4164,9","4249,1","4262,9","4226,9",1
"4171,1","4225,4",4256,"4224,2",1
"4168,5","4204,9","4253,6","4221,4",1
"4172,9","4182,1","4249,5","4219,3",0
"4136,7","4157,4","4243,5","4216,1",1
"4112,6","4151,1","4236,2","4213,4",1
"4117,6","4147,3","4229,1","4210,1",2
"4152,9","4147,7","4227,2","4207,9",2
"4208,1","4157,9","4226,1","4206,9",1
"4232,7",4166,"4224,8","4205,8",2
"4260,2","4182,8","4225,3","4205,4",1
"4294,4","4211,1","4223,9","4205,6",1
"4309,2",4239,"4223,6","4206,1",1
"4326,5","4270,7","4224,2","4209,5",1
"4337,7","4291,7","4224,9","4213,2",1
"4332,9","4306,4","4225,2","4217,8",1
"4335,9","4321,2",4226,"4222,1",1
"4348,3","4331,6","4229,7","4226,5",1
"4368,3","4342,4","4240,7","4232,3",2
"4400,1","4357,5","4254,4","4238,9",1
"4416,8","4368,2","4265,9","4245,8",1
"4405,7",4377,"4277,9","4252,6",1
"4396,7","4386,4","4288,7","4258,1",1
"4402,2","4395,9","4300,8","4264,9",0
"4349,5","4386,7",4310,"4268,5",2
"4343,4","4388,8","4323,9","4272,9",1
"4393,6","4384,9","4337,6","4276,9",1
"4404,1","4385,2",4349,"4280,9",0
"4391,7","4380,9","4355,9","4283,8",1
"4368,6","4377,2","4362,6","4285,7",1
"4360,3","4368,9",4366,"4287,2",0
4328,"4371,1",4366,"4287,4",0
"4278,4","4350,3","4362,9","4287,9",0
"4233,4","4325,3","4356,7","4287,2",2
"4244,2","4304,6","4353,5","4288,1",2
"4292,6",4297,"4352,7","4289,1",1
"4310,7",4288,4351,"4290,1",1
4318,"4284,9","4349,6","4292,1",1
"4331,6","4289,1","4347,3","4293,8",0
"4305,8","4292,7","4340,2","4294,1",2
"4310,2",4311,"4336,7","4295,5",2
"4364,6","4327,2","4336,1","4296,5",1
"4382,1","4336,6","4335,2","4297,7",2
"4395,2","4351,3","4335,4","4299,4",1
"4401,4","4360,4","4340,4","4300,8",2
"4409,1","4373,5",4342,"4302,9",1
"4428,8","4395,5","4343,9",4305,1
"4440,1","4410,6","4345,5","4308,3",2
"4466,9","4424,8","4351,5","4314,8",0
"4460,3","4432,9","4354,7","4320,6",1
"4430,5","4434,8","4358,5","4325,4",1
"4433,8","4442,2","4365,3","4331,1",1
"4428,1","4440,3","4373,4","4335,8",0
"4389,7",4431,"4380,9","4339,8",1
"4375,2","4421,7","4386,5","4345,3",0
4365,"4401,8","4388,1","4349,9",2
"4375,5","4397,5",4393,"4355,7",1
"4418,7","4398,5","4398,2","4360,5",2
4458,"4404,4","4405,7","4365,7",0
"4467,6","4409,8","4414,4","4369,9",1
"4465,3",4426,"4421,2","4373,9",0
"4461,6","4434,5","4424,1","4376,6",1
"4452,1","4450,9","4428,2","4379,6",2
"4479,1","4464,1","4432,5","4382,7",1
"4492,5",4472,"4437,3","4385,8",1
"4472,8","4468,3","4438,9","4388,3",1
"4460,4","4469,9","4440,5","4390,7",0
"4445,4","4462,6","4439,4","4392,2",1
"4437,3",4463,"4437,5","4393,5",2
"4476,8","4469,7",4441,"4395,3",1
"4492,3","4466,8","4443,7","4396,5",1
"4485,5","4467,6","4446,2","4398,5",1
"4499,3","4474,3","4450,8","4400,6",1
4503,"4479,8","4457,6","4402,5",0
4473,"4482,2","4460,6","4405,6",1
"4450,6","4483,6","4466,1","4406,8",1
4463,"4478,3","4469,3","4408,3",1
"4461,1","4474,7","4470,3","4409,1",1
"4460,7","4471,2","4469,6","4411,1",1
"4473,6","4467,4","4470,9","4413,3",1
"4485,7","4466,2","4471,6","4416,1",2
4510,4478,"4475,8","4420,5",1
"4528,3","4488,5","4479,3","4426,1",1
"4530,7","4497,3",4481,"4432,4",1
"4531,1","4508,5","4483,1","4437,6",1
4525,"4515,7","4486,2","4441,7",1
"4517,7","4521,1","4488,8","4445,9",1
"4509,8","4522,6","4492,6","4449,4",1
"4502,3","4518,9","4495,3","4452,7",2
"4524,9","4521,6","4497,4","4458,2",2
"4564,9","4528,6","4502,6","4462,9",1
"4585,1",4537,"4507,4",4467,1
"4592,1","4547,8","4511,9","4471,3",0
"4575,1","4553,4","4514,6","4474,2",1
"4554,8","4560,6","4520,1","4477,4",1
"4548,8","4566,7","4524,4","4479,8",0
"4526,7","4561,2","4526,4","4481,3",1
"4523,1","4554,7","4530,6","4483,1",1
"4533,2","4546,3","4533,7",4484,2
"4546,7","4541,8","4537,9","4486,5",1
"4552,2","4539,8","4540,3","4488,9",1
"4528,5","4534,2","4539,8","4490,3",1
4517,"4530,7","4539,2","4492,4",0
"4489,5","4523,6","4535,6","4494,3",1
"4450,1","4509,8","4531,1","4495,4",1
"4438,3","4496,5",4527,"4497,3",1
"4429,9","4476,5","4522,3","4497,6",2
4442,4465,"4520,2","4498,2",1
"4452,9","4454,9","4517,4","4497,4",2
"4467,3","4450,8","4514,4","4498,2",1
"4479,4",4452,"4508,8",4498,0
"4437,4","4447,2","4499,7","4497,2",0
"4374,1","4433,7",4487,"4494,8",1
"4351,2","4424,7","4477,3","4492,1",0
"4330,6","4401,9","4464,6","4488,4",1
"4308,9","4383,5","4453,3","4485,5",2
"4333,3","4363,6","4445,3","4483,3",0
"4327,7","4340,2","4433,7","4480,8",2
"4337,2","4334,9","4425,7","4479,3",0
"4342,6","4331,2","4413,3","4475,4",1
"4325,7","4327,7",4403,"4472,6",0
4320,"4328,2","4392,5","4468,8",2
"4337,1","4335,7",4385,"4466,1",1
"4372,9","4339,5","4380,8","4463,6",2
"4393,5","4354,5","4379,4","4462,9",0
"4370,6",4349,"4374,1","4460,4",1
"4337,7","4353,1","4370,1","4457,9",1
"4355,2","4357,4","4365,4","4456,2",0
"4338,9","4358,5","4358,8","4453,1",0
"4279,2","4340,9","4346,6","4448,4",0
"4224,5","4316,1","4333,3","4442,6",1
4210,"4288,5","4323,8","4436,4",1
"4225,1","4274,5","4318,3","4430,5",1
4220,"4254,9","4310,7",4424,0
"4178,5",4224,"4303,1","4416,4",1
"4148,8","4200,5","4294,7","4408,9",2
"4172,8","4193,6","4287,1","4402,6",0
"4179,9","4187,8","4279,9","4395,7",2
"4178,5","4184,6","4271,2","4389,6",1
"4200,1","4180,7","4265,7","4382,8",0
"4189,9",4176,"4257,6","4374,6",2
"4202,5","4187,6","4253,9","4367,4",1
"4242,6","4202,8","4248,2","4360,6",1
"4247,6","4208,9","4241,4","4354,4",2
"4266,9","4227,6","4235,5","4349,1",0
"4272,9","4235,9","4231,6","4343,3",2
"4297,5","4255,4","4231,5",4340,2
"4367,8","4286,7","4232,9","4337,1",1
"4394,3","4310,3",4237,"4334,4",1
"4380,7","4326,2",4243,"4330,5",1
"4373,5","4346,2","4251,9","4327,3",1
"4380,4","4358,6","4260,1","4324,5",1
4379,"4376,6","4267,3","4321,7",2
"4400,1",4388,"4278,1",4321,2
"4458,4","4402,5","4295,3","4322,1",1
"4490,7","4415,5","4312,3","4323,1",1
"4480,7",4431,"4326,1","4324,1",1
"4463,7","4441,2","4340,6","4323,9",1
"4451,6","4451,4","4353,4",4324,1
"4445,8","4460,3","4365,2","4323,1",1
"4441,3","4463,2","4378,6","4322,5",1
"4435,2","4453,7","4388,5",4323,1
"4418,9","4442,6","4396,2","4324,3",1
"4420,3","4436,4","4405,7","4325,7",2
"4448,1","4438,2","4414,3",4329,1
4463,"4439,7","4424,8","4331,9",1
"4451,9","4439,9","4429,8","4333,8",0
4401,"4428,1","4428,1","4334,8",2
"4386,5",4426,4429,"4335,7",0
"4384,5","4418,3","4428,5","4336,5",2
4375,"4413,1","4429,1","4337,7",0
"4376,4","4397,8","4428,1","4338,8",2
"4387,2","4391,4",4430,"4339,7",0
"4390,8","4380,4","4427,1","4339,5",0
4304,"4363,7","4414,5","4336,1",2
"4262,2","4344,9","4404,3","4335,1",1
"4284,1",4335,"4394,9",4334,0
"4247,8","4308,5","4382,7","4330,8",0
"4188,6","4281,4","4368,6",4328,1
"4154,8","4242,1","4353,6","4325,9",0
"4107,6","4200,5","4335,2","4323,3",1
"4076,2","4177,1","4317,7","4320,5",1
"4083,5","4149,4","4301,6","4317,6",0
4014,"4099,9","4277,1","4312,3",1
"3929,2","4058,4","4249,8","4307,7",2
"3975,9","4039,1","4228,4","4305,4",0
"4012,2","4017,6","4205,8","4301,2",2
"4036,2","4018,7","4191,9","4299,6",1
"4093,2","4022,5","4176,5","4297,8",2
"4131,4","4032,4","4166,6","4296,9",1
"4143,3","4059,4","4153,3",4296,0
"4112,8","4084,9","4140,2","4293,3",1
"4104,7","4096,2",4125,"4290,4",1
"4111,7","4113,3","4112,3","4287,8",2
"4125,9","4121,9","4107,2","4284,8",2
"4187,2","4140,1","4104,8","4284,4",0
"4213,6","4145,3","4100,2","4281,5",0
"4162,1","4145,5","4096,2","4276,2",2
"4169,3","4161,5","4098,2","4272,4",1
"4218,1","4177,9","4102,6","4269,7",0
"4208,8","4189,2","4108,4","4265,9",2
"4206,4","4200,9","4115,6","4262,7",1
"4233,5","4202,4","4123,4",4260,0
4212,"4200,4","4135,4","4255,2",1
"4183,9","4208,7","4148,8","4249,1",1
"4195,2","4207,8","4157,3","4243,4",1
"4214,3","4207,6",4169,"4238,4",2
"4244,2",4218,"4178,1","4234,6",1
"4264,3","4224,2","4186,2","4230,9",0
"4250,2","4222,7",4190,"4226,8",2
"4290,7","4246,6","4200,9","4224,9",1
"4357,8","4272,4","4214,5","4223,7",1
"4375,4","4298,1",4228,"4223,1",1
"4377,9","4319,2","4241,1",4222,1
"4377,9","4336,3","4253,2","4220,3",1
"4386,3",4354,4261,"4218,9",1
"4383,8","4374,5","4270,2","4217,6",1
"4382,8","4380,3","4283,1","4218,2",1
"4390,1","4383,7","4292,3","4217,8",0
"4357,9","4375,3","4297,1","4217,1",2
"4371,7","4381,9","4308,5","4217,6",0
"4397,5","4380,9","4316,2",4218,0
"4319,7","4362,9","4317,2","4214,9",0
"4245,9","4341,6","4319,6","4212,2",1
"4226,9","4318,3","4321,5","4211,8",0
"4167,4","4277,9","4316,8","4208,4",0
"4057,2","4232,4","4305,8","4202,8",2
"4049,3","4185,8","4297,3","4200,4",1
"4102,6","4148,2","4289,6","4199,3",2
"4180,7","4146,1","4290,3","4201,5",1
"4245,6","4148,1","4285,1","4204,8",1
4248,"4152,1","4279,4","4208,4",2
"4284,7","4181,6",4276,"4212,9",1
"4305,4","4223,1","4272,1",4220,1
"4306,9","4255,2","4268,9",4228,0
"4281,7","4274,3","4261,7","4232,2",1
"4259,1","4277,6","4256,4","4237,9",1
"4262,5","4279,1","4249,6","4241,3",0
"4181,8","4258,7","4235,6","4241,4",1
"4097,4","4225,6","4223,6","4239,9",1
"4098,1","4199,4","4208,3","4239,6",2
"4186,5","4191,2","4202,5","4242,9",0
"4219,6","4181,7","4198,2","4244,2",2
"4203,7","4175,3","4198,3","4246,6",2
"4259,3","4180,8","4201,5","4249,5",0
"4256,8","4196,8","4207,2","4249,3",2
"4273,2",4231,"4223,1","4251,9",2
"4351,4","4269,1","4237,4","4256,9",1
"4387,3","4288,4","4251,6","4260,6",2
"4420,5","4326,5","4261,4",4265,2
"4465,4","4363,2","4273,5","4270,9",2
"4518,8","4400,7","4288,5","4277,5",2
"4596,7","4460,3","4304,8","4285,4",2
"4657,9","4510,6","4323,7","4295,3",0
"4649,7","4545,5",4339,"4304,1",1
"4617,6","4576,4","4357,3","4312,2",1
"4621,2","4602,9","4375,2","4320,3",1
"4617,8","4619,9","4392,8","4327,2",1
4616,"4630,6","4418,6","4334,4",2
"4652,8","4635,9","4448,4","4343,3",1
"4687,1",4639,"4477,5","4350,3",1
"4699,8","4650,3","4499,7",4357,1
"4697,2","4661,7","4525,3","4363,1",0
"4671,1","4664,5","4546,4","4368,7",2
"4673,4","4677,6","4566,7",4375,1
"4687,5","4684,9","4589,5","4380,7",2
"4702,8","4691,8","4609,7","4387,7",2
"4742,8","4700,9","4628,7","4395,1",1
"4755,7","4707,8","4646,5","4402,3",1
4753,"4716,8","4661,9","4410,9",2
"4776,5","4737,9","4677,6","4418,5",2
"4816,2","4757,6","4691,6","4427,7",1
"4832,1","4779,2","4701,1",4439,2
"4846,6","4798,7","4710,5","4451,7",1
"4874,4","4816,8","4723,6","4464,9",1
"4884,3","4835,5","4737,2","4480,4",1
"4896,4","4857,8","4751,1","4498,5",2
